1,5,1,1534,2007-12-25,2008-01-08
1,10,1,3055,2007-12-30,2008-01-13
2,4,1,1235,2007-12-28,2008-01-11
2,9,1,2756,2007-12-22,2008-01-05
3,3,1,936,2007-12-29,2008-01-12
3,8,1,2457,2007-12-28,2008-01-11
4,2,1,637,2007-12-28,2008-01-11
4,7,1,2158,2008-01-01,2008-01-15
5,1,1,338,2007-12-25,2008-01-08
5,6,1,1859,2008-01-03,2008-01-17
6,5,1,1560,2008-01-03,2008-01-17
6,10,1,3094,2008-01-01,2008-01-15
7,4,1,1261,2008-01-01,2008-01-15
7,9,1,2795,2008-01-04,2008-01-18
8,3,1,962,2007-12-28,2008-01-11
8,8,1,2496,2007-12-20,2008-01-03
9,2,1,663,2007-12-22,2008-01-05
9,7,1,2197,2008-01-04,2008-01-18
10,1,1,364,2007-12-30,2008-01-13
10,6,1,1898,2008-01-01,2008-01-15
11,5,2,1599,2007-12-27,2008-01-10
11,10,2,3120,2008-01-03,2008-01-17
12,4,2,1300,2007-12-20,2008-01-03
12,9,2,2821,2008-01-01,2008-01-15
13,3,2,1001,2007-12-27,2008-01-10
13,8,2,2522,2007-12-28,2008-01-11
14,2,2,702,2008-01-01,2008-01-15
14,7,2,2223,2007-12-22,2008-01-05
15,1,2,403,2008-01-04,2008-01-18
15,6,2,1924,2007-12-30,2008-01-13
16,5,2,1625,2007-12-20,2008-01-03
16,10,2,3159,2007-12-20,2008-01-03
17,4,2,1326,2007-12-24,2008-01-07
17,9,2,2860,2007-12-29,2008-01-12
18,3,2,1027,2007-12-26,2008-01-09
18,8,2,2561,2007-12-20,2008-01-03
19,2,2,728,2007-12-26,2008-01-09
19,7,2,2262,2007-12-25,2008-01-08
20,1,2,429,2007-12-24,2008-01-07
20,6,2,1963,2007-12-28,2008-01-11
21,5,3,1664,2007-12-29,2008-01-12
21,10,3,3185,2007-12-22,2008-01-05
22,4,3,1365,2007-12-28,2008-01-11
22,9,3,2886,2007-12-26,2008-01-09
23,3,3,1066,2007-12-25,2008-01-08
23,8,3,2587,2007-12-28,2008-01-11
24,2,3,767,2007-12-20,2008-01-03
24,7,3,2288,2007-12-28,2008-01-11
25,1,3,468,2007-12-29,2008-01-12
25,6,3,1989,2007-12-26,2008-01-09
26,5,3,1690,2007-12-22,2008-01-05
26,10,3,3224,2007-12-24,2008-01-07
27,4,3,1391,2008-01-01,2008-01-15
27,9,3,2925,2007-12-23,2008-01-06
28,3,3,1092,2007-12-24,2008-01-07
28,8,3,2626,2007-12-20,2008-01-03
29,2,3,793,2007-12-30,2008-01-13
29,7,3,2327,2007-12-31,2008-01-14
30,1,3,494,2008-01-03,2008-01-17
30,6,3,2028,2007-12-24,2008-01-07
31,5,4,1729,2007-12-31,2008-01-14
31,10,4,3250,2007-12-26,2008-01-09
32,4,4,1430,2007-12-20,2008-01-03
32,9,4,2951,2007-12-20,2008-01-03
33,3,4,1131,2007-12-23,2008-01-06
33,8,4,2652,2007-12-28,2008-01-11
34,2,4,832,2007-12-24,2008-01-07
34,7,4,2353,2008-01-03,2008-01-17
35,1,4,533,2007-12-23,2008-01-06
35,6,4,2054,2007-12-22,2008-01-05
36,5,4,1755,2007-12-24,2008-01-07
36,10,4,3289,2007-12-28,2008-01-11
37,4,4,1456,2007-12-24,2008-01-07
37,9,4,2990,2008-01-02,2008-01-16
38,3,4,1157,2007-12-22,2008-01-05
38,8,4,2691,2007-12-20,2008-01-03
39,2,4,858,2008-01-03,2008-01-17
39,7,4,2392,2007-12-21,2008-01-04
40,1,4,559,2007-12-28,2008-01-11
40,6,4,2093,2007-12-20,2008-01-03
41,5,5,1794,2008-01-02,2008-01-16
41,10,5,3315,2007-12-30,2008-01-13
42,4,5,1495,2007-12-28,2008-01-11
42,9,5,3016,2007-12-30,2008-01-13
43,3,5,1196,2007-12-21,2008-01-04
43,8,5,2717,2007-12-28,2008-01-11
44,2,5,897,2007-12-28,2008-01-11
44,7,5,2418,2007-12-24,2008-01-07
45,1,5,598,2008-01-02,2008-01-16
45,6,5,2119,2008-01-03,2008-01-17
46,5,5,1820,2007-12-26,2008-01-09
46,10,5,3354,2008-01-01,2008-01-15
47,4,5,1521,2008-01-01,2008-01-15
47,9,5,3055,2007-12-27,2008-01-10
48,3,5,1222,2007-12-20,2008-01-03
48,8,5,2756,2007-12-20,2008-01-03
49,2,5,923,2007-12-22,2008-01-05
49,7,5,2457,2007-12-27,2008-01-10
50,1,5,624,2007-12-22,2008-01-05
50,6,5,2158,2008-01-01,2008-01-15
51,5,6,1859,2008-01-04,2008-01-18
51,10,6,3380,2008-01-03,2008-01-17
52,4,6,1560,2007-12-20,2008-01-03
52,9,6,3081,2007-12-24,2008-01-07
53,3,6,1261,2008-01-04,2008-01-18
53,8,6,2782,2007-12-28,2008-01-11
54,2,6,962,2008-01-01,2008-01-15
54,7,6,2483,2007-12-30,2008-01-13
55,1,6,663,2007-12-27,2008-01-10
55,6,6,2184,2007-12-30,2008-01-13
56,5,6,1885,2007-12-28,2008-01-11
56,10,6,3419,2007-12-20,2008-01-03
57,4,6,1586,2007-12-24,2008-01-07
57,9,6,3120,2007-12-21,2008-01-04
58,3,6,1287,2008-01-03,2008-01-17
58,8,6,2821,2007-12-20,2008-01-03
59,2,6,988,2007-12-26,2008-01-09
59,7,6,2522,2008-01-02,2008-01-16
60,1,6,689,2008-01-01,2008-01-15
60,6,6,2223,2007-12-28,2008-01-11
61,5,7,1924,2007-12-21,2008-01-04
61,10,7,3445,2007-12-22,2008-01-05
62,4,7,1625,2007-12-28,2008-01-11
62,9,7,3146,2008-01-03,2008-01-17
63,3,7,1326,2008-01-02,2008-01-16
63,8,7,2847,2007-12-28,2008-01-11
64,2,7,1027,2007-12-20,2008-01-03
64,7,7,2548,2007-12-20,2008-01-03
65,1,7,728,2007-12-21,2008-01-04
65,6,7,2249,2007-12-26,2008-01-09
66,5,7,1950,2007-12-30,2008-01-13
66,10,7,3484,2007-12-24,2008-01-07
67,4,7,1651,2008-01-01,2008-01-15
67,9,7,3185,2007-12-31,2008-01-14
68,3,7,1352,2008-01-01,2008-01-15
68,8,7,2886,2007-12-20,2008-01-03
69,2,7,1053,2007-12-30,2008-01-13
69,7,7,2587,2007-12-23,2008-01-06
70,1,7,754,2007-12-26,2008-01-09
70,6,7,2288,2007-12-24,2008-01-07
71,5,8,1989,2007-12-23,2008-01-06
71,10,8,3510,2007-12-26,2008-01-09
72,4,8,1690,2007-12-20,2008-01-03
72,9,8,3211,2007-12-28,2008-01-11
73,3,8,1391,2007-12-31,2008-01-14
73,8,8,2912,2007-12-28,2008-01-11
74,2,8,1092,2007-12-24,2008-01-07
74,7,8,2613,2007-12-26,2008-01-09
75,1,8,793,2007-12-31,2008-01-14
75,6,8,2314,2007-12-22,2008-01-05
76,5,8,2015,2008-01-01,2008-01-15
76,10,8,3549,2007-12-28,2008-01-11
77,4,8,1716,2007-12-24,2008-01-07
77,9,8,3250,2007-12-25,2008-01-08
78,3,8,1417,2007-12-30,2008-01-13
78,8,8,2951,2007-12-20,2008-01-03
79,2,8,1118,2008-01-03,2008-01-17
79,7,8,2652,2007-12-29,2008-01-12
80,1,8,819,2007-12-20,2008-01-03
80,6,8,2353,2007-12-20,2008-01-03
81,5,9,2054,2007-12-25,2008-01-08
81,10,9,3575,2007-12-30,2008-01-13
82,4,9,1755,2007-12-28,2008-01-11
82,9,9,3276,2007-12-22,2008-01-05
83,3,9,1456,2007-12-29,2008-01-12
83,8,9,2977,2007-12-28,2008-01-11
84,2,9,1157,2007-12-28,2008-01-11
84,7,9,2678,2008-01-01,2008-01-15
85,1,9,858,2007-12-25,2008-01-08
85,6,9,2379,2008-01-03,2008-01-17
86,5,9,2080,2008-01-03,2008-01-17
86,10,9,3614,2008-01-01,2008-01-15
87,4,9,1781,2008-01-01,2008-01-15
87,9,9,3315,2008-01-04,2008-01-18
88,3,9,1482,2007-12-28,2008-01-11
88,8,9,3016,2007-12-20,2008-01-03
89,2,9,1183,2007-12-22,2008-01-05
89,7,9,2717,2008-01-04,2008-01-18
90,1,9,884,2007-12-30,2008-01-13
90,6,9,2418,2008-01-01,2008-01-15
91,5,10,2119,2007-12-27,2008-01-10
91,10,10,3640,2008-01-03,2008-01-17
92,4,10,1820,2007-12-20,2008-01-03
92,9,10,3341,2008-01-01,2008-01-15
93,3,10,1521,2007-12-27,2008-01-10
93,8,10,3042,2007-12-28,2008-01-11
94,2,10,1222,2008-01-01,2008-01-15
94,7,10,2743,2007-12-22,2008-01-05
95,1,10,923,2008-01-04,2008-01-18
95,6,10,2444,2007-12-30,2008-01-13
96,5,10,2145,2007-12-20,2008-01-03
96,10,10,3679,2007-12-20,2008-01-03
97,4,10,1846,2007-12-24,2008-01-07
97,9,10,3380,2007-12-29,2008-01-12
98,3,10,1547,2007-12-26,2008-01-09
98,8,10,3081,2007-12-20,2008-01-03
99,2,10,1248,2007-12-26,2008-01-09
99,7,10,2782,2007-12-25,2008-01-08
100,1,10,949,2007-12-24,2008-01-07
100,6,10,2483,2007-12-28,2008-01-11
101,5,11,2184,2007-12-29,2008-01-12
101,10,11,3705,2007-12-22,2008-01-05
102,4,11,1885,2007-12-28,2008-01-11
102,9,11,3406,2007-12-26,2008-01-09
103,3,11,1586,2007-12-25,2008-01-08
103,8,11,3107,2007-12-28,2008-01-11
104,2,11,1287,2007-12-20,2008-01-03
104,7,11,2808,2007-12-28,2008-01-11
105,1,11,988,2007-12-29,2008-01-12
105,6,11,2509,2007-12-26,2008-01-09
106,5,11,2210,2007-12-22,2008-01-05
106,10,11,3744,2007-12-24,2008-01-07
107,4,11,1911,2008-01-01,2008-01-15
107,9,11,3445,2007-12-23,2008-01-06
108,3,11,1612,2007-12-24,2008-01-07
108,8,11,3146,2007-12-20,2008-01-03
109,2,11,1313,2007-12-30,2008-01-13
109,7,11,2847,2007-12-31,2008-01-14
110,1,11,1014,2008-01-03,2008-01-17
110,6,11,2548,2007-12-24,2008-01-07
111,5,12,2249,2007-12-31,2008-01-14
111,10,12,3770,2007-12-26,2008-01-09
112,4,12,1950,2007-12-20,2008-01-03
112,9,12,3471,2007-12-20,2008-01-03
113,3,12,1651,2007-12-23,2008-01-06
113,8,12,3172,2007-12-28,2008-01-11
114,2,12,1352,2007-12-24,2008-01-07
114,7,12,2873,2008-01-03,2008-01-17
115,1,12,1053,2007-12-23,2008-01-06
115,6,12,2574,2007-12-22,2008-01-05
116,5,12,2275,2007-12-24,2008-01-07
116,10,12,3809,2007-12-28,2008-01-11
117,4,12,1976,2007-12-24,2008-01-07
117,9,12,3510,2008-01-02,2008-01-16
118,3,12,1677,2007-12-22,2008-01-05
118,8,12,3211,2007-12-20,2008-01-03
119,2,12,1378,2008-01-03,2008-01-17
119,7,12,2912,2007-12-21,2008-01-04
120,1,12,1079,2007-12-28,2008-01-11
120,6,12,2613,2007-12-20,2008-01-03
121,5,13,2314,2008-01-02,2008-01-16
121,10,13,3835,2007-12-30,2008-01-13
122,4,13,2015,2007-12-28,2008-01-11
122,9,13,3536,2007-12-30,2008-01-13
123,3,13,1716,2007-12-21,2008-01-04
123,8,13,3237,2007-12-28,2008-01-11
124,2,13,1417,2007-12-28,2008-01-11
124,7,13,2938,2007-12-24,2008-01-07
125,1,13,1118,2008-01-02,2008-01-16
125,6,13,2639,2008-01-03,2008-01-17
126,5,13,2340,2007-12-26,2008-01-09
126,10,13,3874,2008-01-01,2008-01-15
127,4,13,2041,2008-01-01,2008-01-15
127,9,13,3575,2007-12-27,2008-01-10
128,3,13,1742,2007-12-20,2008-01-03
128,8,13,3276,2007-12-20,2008-01-03
129,2,13,1443,2007-12-22,2008-01-05
129,7,13,2977,2007-12-27,2008-01-10
130,1,13,1144,2007-12-22,2008-01-05
130,6,13,2678,2008-01-01,2008-01-15
131,5,14,2379,2008-01-04,2008-01-18
131,10,14,3900,2008-01-03,2008-01-17
132,4,14,2080,2007-12-20,2008-01-03
132,9,14,3601,2007-12-24,2008-01-07
133,3,14,1781,2008-01-04,2008-01-18
133,8,14,3302,2007-12-28,2008-01-11
134,2,14,1482,2008-01-01,2008-01-15
134,7,14,3003,2007-12-30,2008-01-13
135,1,14,1183,2007-12-27,2008-01-10
135,6,14,2704,2007-12-30,2008-01-13
136,5,14,2405,2007-12-28,2008-01-11
136,10,14,3939,2007-12-20,2008-01-03
137,4,14,2106,2007-12-24,2008-01-07
137,9,14,3640,2007-12-21,2008-01-04
138,3,14,1807,2008-01-03,2008-01-17
138,8,14,3341,2007-12-20,2008-01-03
139,2,14,1508,2007-12-26,2008-01-09
139,7,14,3042,2008-01-02,2008-01-16
140,1,14,1209,2008-01-01,2008-01-15
140,6,14,2743,2007-12-28,2008-01-11
141,5,15,2444,2007-12-21,2008-01-04
141,10,15,3965,2007-12-22,2008-01-05
142,4,15,2145,2007-12-28,2008-01-11
142,9,15,3666,2008-01-03,2008-01-17
143,3,15,1846,2008-01-02,2008-01-16
143,8,15,3367,2007-12-28,2008-01-11
144,2,15,1547,2007-12-20,2008-01-03
144,7,15,3068,2007-12-20,2008-01-03
145,1,15,1248,2007-12-21,2008-01-04
145,6,15,2769,2007-12-26,2008-01-09
146,5,15,2470,2007-12-30,2008-01-13
146,10,15,4004,2007-12-24,2008-01-07
147,4,15,2171,2008-01-01,2008-01-15
147,9,15,3705,2007-12-31,2008-01-14
148,3,15,1872,2008-01-01,2008-01-15
148,8,15,3406,2007-12-20,2008-01-03
149,2,15,1573,2007-12-30,2008-01-13
149,7,15,3107,2007-12-23,2008-01-06
150,1,15,1274,2007-12-26,2008-01-09
150,6,15,2808,2007-12-24,2008-01-07
151,5,16,2509,2007-12-23,2008-01-06
151,10,16,4030,2007-12-26,2008-01-09
152,4,16,2210,2007-12-20,2008-01-03
152,9,16,3731,2007-12-28,2008-01-11
153,3,16,1911,2007-12-31,2008-01-14
153,8,16,3432,2007-12-28,2008-01-11
154,2,16,1612,2007-12-24,2008-01-07
154,7,16,3133,2007-12-26,2008-01-09
155,1,16,1313,2007-12-31,2008-01-14
155,6,16,2834,2007-12-22,2008-01-05
156,5,16,2535,2008-01-01,2008-01-15
156,10,16,4069,2007-12-28,2008-01-11
157,4,16,2236,2007-12-24,2008-01-07
157,9,16,3770,2007-12-25,2008-01-08
158,3,16,1937,2007-12-30,2008-01-13
158,8,16,3471,2007-12-20,2008-01-03
159,2,16,1638,2008-01-03,2008-01-17
159,7,16,3172,2007-12-29,2008-01-12
160,1,16,1339,2007-12-20,2008-01-03
160,6,16,2873,2007-12-20,2008-01-03
161,5,17,2574,2007-12-25,2008-01-08
161,10,17,4095,2007-12-30,2008-01-13
162,4,17,2275,2007-12-28,2008-01-11
162,9,17,3796,2007-12-22,2008-01-05
163,3,17,1976,2007-12-29,2008-01-12
163,8,17,3497,2007-12-28,2008-01-11
164,2,17,1677,2007-12-28,2008-01-11
164,7,17,3198,2008-01-01,2008-01-15
165,1,17,1378,2007-12-25,2008-01-08
165,6,17,2899,2008-01-03,2008-01-17
166,5,17,2600,2008-01-03,2008-01-17
166,10,17,4134,2008-01-01,2008-01-15
167,4,17,2301,2008-01-01,2008-01-15
167,9,17,3835,2008-01-04,2008-01-18
168,3,17,2002,2007-12-28,2008-01-11
168,8,17,3536,2007-12-20,2008-01-03
169,2,17,1703,2007-12-22,2008-01-05
169,7,17,3237,2008-01-04,2008-01-18
170,1,17,1404,2007-12-30,2008-01-13
170,6,17,2938,2008-01-01,2008-01-15
171,5,18,2639,2007-12-27,2008-01-10
171,10,18,4160,2008-01-03,2008-01-17
172,4,18,2340,2007-12-20,2008-01-03
172,9,18,3861,2008-01-01,2008-01-15
173,3,18,2041,2007-12-27,2008-01-10
173,8,18,3562,2007-12-28,2008-01-11
174,2,18,1742,2008-01-01,2008-01-15
174,7,18,3263,2007-12-22,2008-01-05
175,1,18,1443,2008-01-04,2008-01-18
175,6,18,2964,2007-12-30,2008-01-13
176,5,18,2665,2007-12-20,2008-01-03
176,10,18,4199,2007-12-20,2008-01-03
177,4,18,2366,2007-12-24,2008-01-07
177,9,18,3900,2007-12-29,2008-01-12
178,3,18,2067,2007-12-26,2008-01-09
178,8,18,3601,2007-12-20,2008-01-03
179,2,18,1768,2007-12-26,2008-01-09
179,7,18,3302,2007-12-25,2008-01-08
180,1,18,1469,2007-12-24,2008-01-07
180,6,18,3003,2007-12-28,2008-01-11
181,5,19,2704,2007-12-29,2008-01-12
181,10,19,4225,2007-12-22,2008-01-05
182,4,19,2405,2007-12-28,2008-01-11
182,9,19,3926,2007-12-26,2008-01-09
183,3,19,2106,2007-12-25,2008-01-08
183,8,19,3627,2007-12-28,2008-01-11
184,2,19,1807,2007-12-20,2008-01-03
184,7,19,3328,2007-12-28,2008-01-11
185,1,19,1508,2007-12-29,2008-01-12
185,6,19,3029,2007-12-26,2008-01-09
186,5,19,2730,2007-12-22,2008-01-05
186,10,19,4264,2007-12-24,2008-01-07
187,4,19,2431,2008-01-01,2008-01-15
187,9,19,3965,2007-12-23,2008-01-06
188,3,19,2132,2007-12-24,2008-01-07
188,8,19,3666,2007-12-20,2008-01-03
189,2,19,1833,2007-12-30,2008-01-13
189,7,19,3367,2007-12-31,2008-01-14
190,1,19,1534,2008-01-03,2008-01-17
190,6,19,3068,2007-12-24,2008-01-07
191,5,20,2769,2007-12-31,2008-01-14
191,10,20,4290,2007-12-26,2008-01-09
192,4,20,2470,2007-12-20,2008-01-03
192,9,20,3991,2007-12-20,2008-01-03
193,3,20,2171,2007-12-23,2008-01-06
193,8,20,3692,2007-12-28,2008-01-11
194,2,20,1872,2007-12-24,2008-01-07
194,7,20,3393,2008-01-03,2008-01-17
195,1,20,1573,2007-12-23,2008-01-06
195,6,20,3094,2007-12-22,2008-01-05
196,5,20,2795,2007-12-24,2008-01-07
196,10,20,4329,2007-12-28,2008-01-11
197,4,20,2496,2007-12-24,2008-01-07
197,9,20,4030,2008-01-02,2008-01-16
198,3,20,2197,2007-12-22,2008-01-05
198,8,20,3731,2007-12-20,2008-01-03
199,2,20,1898,2008-01-03,2008-01-17
199,7,20,3432,2007-12-21,2008-01-04
200,1,20,1599,2007-12-28,2008-01-11
200,6,20,3133,2007-12-20,2008-01-03
201,5,21,2834,2008-01-02,2008-01-16
201,10,21,4355,2007-12-30,2008-01-13
202,4,21,2535,2007-12-28,2008-01-11
202,9,21,4056,2007-12-30,2008-01-13
203,3,21,2236,2007-12-21,2008-01-04
203,8,21,3757,2007-12-28,2008-01-11
204,2,21,1937,2007-12-28,2008-01-11
204,7,21,3458,2007-12-24,2008-01-07
205,1,21,1638,2008-01-02,2008-01-16
205,6,21,3159,2008-01-03,2008-01-17
206,5,21,2860,2007-12-26,2008-01-09
206,10,21,4394,2008-01-01,2008-01-15
207,4,21,2561,2008-01-01,2008-01-15
207,9,21,4095,2007-12-27,2008-01-10
208,3,21,2262,2007-12-20,2008-01-03
208,8,21,3796,2007-12-20,2008-01-03
209,2,21,1963,2007-12-22,2008-01-05
209,7,21,3497,2007-12-27,2008-01-10
210,1,21,1664,2007-12-22,2008-01-05
210,6,21,3198,2008-01-01,2008-01-15
211,5,22,2899,2008-01-04,2008-01-18
211,10,22,4420,2008-01-03,2008-01-17
212,4,22,2600,2007-12-20,2008-01-03
212,9,22,4121,2007-12-24,2008-01-07
213,3,22,2301,2008-01-04,2008-01-18
213,8,22,3822,2007-12-28,2008-01-11
214,2,22,2002,2008-01-01,2008-01-15
214,7,22,3523,2007-12-30,2008-01-13
215,1,22,1703,2007-12-27,2008-01-10
215,6,22,3224,2007-12-30,2008-01-13
216,5,22,2925,2007-12-28,2008-01-11
216,10,22,4459,2007-12-20,2008-01-03
217,4,22,2626,2007-12-24,2008-01-07
217,9,22,4160,2007-12-21,2008-01-04
218,3,22,2327,2008-01-03,2008-01-17
218,8,22,3861,2007-12-20,2008-01-03
219,2,22,2028,2007-12-26,2008-01-09
219,7,22,3562,2008-01-02,2008-01-16
220,1,22,1729,2008-01-01,2008-01-15
220,6,22,3263,2007-12-28,2008-01-11
221,5,23,2964,2007-12-21,2008-01-04
221,10,23,4485,2007-12-22,2008-01-05
222,4,23,2665,2007-12-28,2008-01-11
222,9,23,4186,2008-01-03,2008-01-17
223,3,23,2366,2008-01-02,2008-01-16
223,8,23,3887,2007-12-28,2008-01-11
224,2,23,2067,2007-12-20,2008-01-03
224,7,23,3588,2007-12-20,2008-01-03
225,1,23,1768,2007-12-21,2008-01-04
225,6,23,3289,2007-12-26,2008-01-09
226,5,23,2990,2007-12-30,2008-01-13
226,10,23,4524,2007-12-24,2008-01-07
227,4,23,2691,2008-01-01,2008-01-15
227,9,23,4225,2007-12-31,2008-01-14
228,3,23,2392,2008-01-01,2008-01-15
228,8,23,3926,2007-12-20,2008-01-03
229,2,23,2093,2007-12-30,2008-01-13
229,7,23,3627,2007-12-23,2008-01-06
230,1,23,1794,2007-12-26,2008-01-09
230,6,23,3328,2007-12-24,2008-01-07
231,5,24,3029,2007-12-23,2008-01-06
231,10,24,4550,2007-12-26,2008-01-09
232,4,24,2730,2007-12-20,2008-01-03
232,9,24,4251,2007-12-28,2008-01-11
233,3,24,2431,2007-12-31,2008-01-14
233,8,24,3952,2007-12-28,2008-01-11
234,2,24,2132,2007-12-24,2008-01-07
234,7,24,3653,2007-12-26,2008-01-09
235,1,24,1833,2007-12-31,2008-01-14
235,6,24,3354,2007-12-22,2008-01-05
236,5,24,3055,2008-01-01,2008-01-15
236,10,24,4589,2007-12-28,2008-01-11
237,4,24,2756,2007-12-24,2008-01-07
237,9,24,4290,2007-12-25,2008-01-08
238,3,24,2457,2007-12-30,2008-01-13
238,8,24,3991,2007-12-20,2008-01-03
239,2,24,2158,2008-01-03,2008-01-17
239,7,24,3692,2007-12-29,2008-01-12
240,1,24,1859,2007-12-20,2008-01-03
240,6,24,3393,2007-12-20,2008-01-03
241,5,25,3094,2007-12-25,2008-01-08
241,10,25,4615,2007-12-30,2008-01-13
242,4,25,2795,2007-12-28,2008-01-11
242,9,25,4316,2007-12-22,2008-01-05
243,3,25,2496,2007-12-29,2008-01-12
243,8,25,4017,2007-12-28,2008-01-11
244,2,25,2197,2007-12-28,2008-01-11
244,7,25,3718,2008-01-01,2008-01-15
245,1,25,1898,2007-12-25,2008-01-08
245,6,25,3419,2008-01-03,2008-01-17
246,5,25,3120,2008-01-03,2008-01-17
246,10,25,4654,2008-01-01,2008-01-15
247,4,25,2821,2008-01-01,2008-01-15
247,9,25,4355,2008-01-04,2008-01-18
248,3,25,2522,2007-12-28,2008-01-11
248,8,25,4056,2007-12-20,2008-01-03
249,2,25,2223,2007-12-22,2008-01-05
249,7,25,3757,2008-01-04,2008-01-18
250,1,25,1924,2007-12-30,2008-01-13
250,6,25,3458,2008-01-01,2008-01-15
251,5,26,3159,2007-12-27,2008-01-10
251,10,26,4680,2008-01-03,2008-01-17
252,4,26,2860,2007-12-20,2008-01-03
252,9,26,4381,2008-01-01,2008-01-15
253,3,26,2561,2007-12-27,2008-01-10
253,8,26,4082,2007-12-28,2008-01-11
254,2,26,2262,2008-01-01,2008-01-15
254,7,26,3783,2007-12-22,2008-01-05
255,1,26,1963,2008-01-04,2008-01-18
255,6,26,3484,2007-12-30,2008-01-13
256,5,26,3185,2007-12-20,2008-01-03
256,10,26,4719,2007-12-20,2008-01-03
257,4,26,2886,2007-12-24,2008-01-07
257,9,26,4420,2007-12-29,2008-01-12
258,3,26,2587,2007-12-26,2008-01-09
258,8,26,4121,2007-12-20,2008-01-03
259,2,26,2288,2007-12-26,2008-01-09
259,7,26,3822,2007-12-25,2008-01-08
260,1,26,1989,2007-12-24,2008-01-07
260,6,26,3523,2007-12-28,2008-01-11
261,5,27,3224,2007-12-29,2008-01-12
261,10,27,4745,2007-12-22,2008-01-05
262,4,27,2925,2007-12-28,2008-01-11
262,9,27,4446,2007-12-26,2008-01-09
263,3,27,2626,2007-12-25,2008-01-08
263,8,27,4147,2007-12-28,2008-01-11
264,2,27,2327,2007-12-20,2008-01-03
264,7,27,3848,2007-12-28,2008-01-11
265,1,27,2028,2007-12-29,2008-01-12
265,6,27,3549,2007-12-26,2008-01-09
266,5,27,3250,2007-12-22,2008-01-05
266,10,27,4784,2007-12-24,2008-01-07
267,4,27,2951,2008-01-01,2008-01-15
267,9,27,4485,2007-12-23,2008-01-06
268,3,27,2652,2007-12-24,2008-01-07
268,8,27,4186,2007-12-20,2008-01-03
269,2,27,2353,2007-12-30,2008-01-13
269,7,27,3887,2007-12-31,2008-01-14
270,1,27,2054,2008-01-03,2008-01-17
270,6,27,3588,2007-12-24,2008-01-07
271,5,28,3289,2007-12-31,2008-01-14
271,10,28,4810,2007-12-26,2008-01-09
272,4,28,2990,2007-12-20,2008-01-03
272,9,28,4511,2007-12-20,2008-01-03
273,3,28,2691,2007-12-23,2008-01-06
273,8,28,4212,2007-12-28,2008-01-11
274,2,28,2392,2007-12-24,2008-01-07
274,7,28,3913,2008-01-03,2008-01-17
275,1,28,2093,2007-12-23,2008-01-06
275,6,28,3614,2007-12-22,2008-01-05
276,5,28,3315,2007-12-24,2008-01-07
276,10,28,4849,2007-12-28,2008-01-11
277,4,28,3016,2007-12-24,2008-01-07
277,9,28,4550,2008-01-02,2008-01-16
278,3,28,2717,2007-12-22,2008-01-05
278,8,28,4251,2007-12-20,2008-01-03
279,2,28,2418,2008-01-03,2008-01-17
279,7,28,3952,2007-12-21,2008-01-04
280,1,28,2119,2007-12-28,2008-01-11
280,6,28,3653,2007-12-20,2008-01-03
281,5,29,3354,2008-01-02,2008-01-16
281,10,29,4875,2007-12-30,2008-01-13
282,4,29,3055,2007-12-28,2008-01-11
282,9,29,4576,2007-12-30,2008-01-13
283,3,29,2756,2007-12-21,2008-01-04
283,8,29,4277,2007-12-28,2008-01-11
284,2,29,2457,2007-12-28,2008-01-11
284,7,29,3978,2007-12-24,2008-01-07
285,1,29,2158,2008-01-02,2008-01-16
285,6,29,3679,2008-01-03,2008-01-17
286,5,29,3380,2007-12-26,2008-01-09
286,10,29,4914,2008-01-01,2008-01-15
287,4,29,3081,2008-01-01,2008-01-15
287,9,29,4615,2007-12-27,2008-01-10
288,3,29,2782,2007-12-20,2008-01-03
288,8,29,4316,2007-12-20,2008-01-03
289,2,29,2483,2007-12-22,2008-01-05
289,7,29,4017,2007-12-27,2008-01-10
290,1,29,2184,2007-12-22,2008-01-05
290,6,29,3718,2008-01-01,2008-01-15
291,5,30,3419,2008-01-04,2008-01-18
291,10,30,4940,2008-01-03,2008-01-17
292,4,30,3120,2007-12-20,2008-01-03
292,9,30,4641,2007-12-24,2008-01-07
293,3,30,2821,2008-01-04,2008-01-18
293,8,30,4342,2007-12-28,2008-01-11
294,2,30,2522,2008-01-01,2008-01-15
294,7,30,4043,2007-12-30,2008-01-13
295,1,30,2223,2007-12-27,2008-01-10
295,6,30,3744,2007-12-30,2008-01-13
296,5,30,3445,2007-12-28,2008-01-11
296,10,30,4979,2007-12-20,2008-01-03
297,4,30,3146,2007-12-24,2008-01-07
297,9,30,4680,2007-12-21,2008-01-04
298,3,30,2847,2008-01-03,2008-01-17
298,8,30,4381,2007-12-20,2008-01-03
299,2,30,2548,2007-12-26,2008-01-09
299,7,30,4082,2008-01-02,2008-01-16
300,1,30,2249,2008-01-01,2008-01-15
300,6,30,3783,2007-12-28,2008-01-11
301,5,31,3484,2007-12-21,2008-01-04
301,10,31,5005,2007-12-22,2008-01-05
302,4,31,3185,2007-12-28,2008-01-11
302,9,31,4706,2008-01-03,2008-01-17
303,3,31,2886,2008-01-02,2008-01-16
303,8,31,4407,2007-12-28,2008-01-11
304,2,31,2587,2007-12-20,2008-01-03
304,7,31,4108,2007-12-20,2008-01-03
305,1,31,2288,2007-12-21,2008-01-04
305,6,31,3809,2007-12-26,2008-01-09
306,5,31,3510,2007-12-30,2008-01-13
306,10,31,5044,2007-12-24,2008-01-07
307,4,31,3211,2008-01-01,2008-01-15
307,9,31,4745,2007-12-31,2008-01-14
308,3,31,2912,2008-01-01,2008-01-15
308,8,31,4446,2007-12-20,2008-01-03
309,2,31,2613,2007-12-30,2008-01-13
309,7,31,4147,2007-12-23,2008-01-06
310,1,31,2314,2007-12-26,2008-01-09
310,6,31,3848,2007-12-24,2008-01-07
311,5,32,3549,2007-12-23,2008-01-06
311,10,32,5070,2007-12-26,2008-01-09
312,4,32,3250,2007-12-20,2008-01-03
312,9,32,4771,2007-12-28,2008-01-11
313,3,32,2951,2007-12-31,2008-01-14
313,8,32,4472,2007-12-28,2008-01-11
314,2,32,2652,2007-12-24,2008-01-07
314,7,32,4173,2007-12-26,2008-01-09
315,1,32,2353,2007-12-31,2008-01-14
315,6,32,3874,2007-12-22,2008-01-05
316,5,32,3575,2008-01-01,2008-01-15
316,10,32,5109,2007-12-28,2008-01-11
317,4,32,3276,2007-12-24,2008-01-07
317,9,32,4810,2007-12-25,2008-01-08
318,3,32,2977,2007-12-30,2008-01-13
318,8,32,4511,2007-12-20,2008-01-03
319,2,32,2678,2008-01-03,2008-01-17
319,7,32,4212,2007-12-29,2008-01-12
320,1,32,2379,2007-12-20,2008-01-03
320,6,32,3913,2007-12-20,2008-01-03
321,5,33,3614,2007-12-25,2008-01-08
321,10,33,5135,2007-12-30,2008-01-13
322,4,33,3315,2007-12-28,2008-01-11
322,9,33,4836,2007-12-22,2008-01-05
323,3,33,3016,2007-12-29,2008-01-12
323,8,33,4537,2007-12-28,2008-01-11
324,2,33,2717,2007-12-28,2008-01-11
324,7,33,4238,2008-01-01,2008-01-15
325,1,33,2418,2007-12-25,2008-01-08
325,6,33,3939,2008-01-03,2008-01-17
326,5,33,3640,2008-01-03,2008-01-17
326,10,33,5174,2008-01-01,2008-01-15
327,4,33,3341,2008-01-01,2008-01-15
327,9,33,4875,2008-01-04,2008-01-18
328,3,33,3042,2007-12-28,2008-01-11
328,8,33,4576,2007-12-20,2008-01-03
329,2,33,2743,2007-12-22,2008-01-05
329,7,33,4277,2008-01-04,2008-01-18
330,1,33,2444,2007-12-30,2008-01-13
330,6,33,3978,2008-01-01,2008-01-15
331,5,34,3679,2007-12-27,2008-01-10
331,10,34,5200,2008-01-03,2008-01-17
332,4,34,3380,2007-12-20,2008-01-03
332,9,34,4901,2008-01-01,2008-01-15
333,3,34,3081,2007-12-27,2008-01-10
333,8,34,4602,2007-12-28,2008-01-11
334,2,34,2782,2008-01-01,2008-01-15
334,7,34,4303,2007-12-22,2008-01-05
335,1,34,2483,2008-01-04,2008-01-18
335,6,34,4004,2007-12-30,2008-01-13
336,5,34,3705,2007-12-20,2008-01-03
336,10,34,5239,2007-12-20,2008-01-03
337,4,34,3406,2007-12-24,2008-01-07
337,9,34,4940,2007-12-29,2008-01-12
338,3,34,3107,2007-12-26,2008-01-09
338,8,34,4641,2007-12-20,2008-01-03
339,2,34,2808,2007-12-26,2008-01-09
339,7,34,4342,2007-12-25,2008-01-08
340,1,34,2509,2007-12-24,2008-01-07
340,6,34,4043,2007-12-28,2008-01-11
341,5,35,3744,2007-12-29,2008-01-12
341,10,35,5265,2007-12-22,2008-01-05
342,4,35,3445,2007-12-28,2008-01-11
342,9,35,4966,2007-12-26,2008-01-09
343,3,35,3146,2007-12-25,2008-01-08
343,8,35,4667,2007-12-28,2008-01-11
344,2,35,2847,2007-12-20,2008-01-03
344,7,35,4368,2007-12-28,2008-01-11
345,1,35,2548,2007-12-29,2008-01-12
345,6,35,4069,2007-12-26,2008-01-09
346,5,35,3770,2007-12-22,2008-01-05
346,10,35,5304,2007-12-24,2008-01-07
347,4,35,3471,2008-01-01,2008-01-15
347,9,35,5005,2007-12-23,2008-01-06
348,3,35,3172,2007-12-24,2008-01-07
348,8,35,4706,2007-12-20,2008-01-03
349,2,35,2873,2007-12-30,2008-01-13
349,7,35,4407,2007-12-31,2008-01-14
350,1,35,2574,2008-01-03,2008-01-17
350,6,35,4108,2007-12-24,2008-01-07
351,5,36,3809,2007-12-31,2008-01-14
351,10,36,5330,2007-12-26,2008-01-09
352,4,36,3510,2007-12-20,2008-01-03
352,9,36,5031,2007-12-20,2008-01-03
353,3,36,3211,2007-12-23,2008-01-06
353,8,36,4732,2007-12-28,2008-01-11
354,2,36,2912,2007-12-24,2008-01-07
354,7,36,4433,2008-01-03,2008-01-17
355,1,36,2613,2007-12-23,2008-01-06
355,6,36,4134,2007-12-22,2008-01-05
356,5,36,3835,2007-12-24,2008-01-07
356,10,36,5369,2007-12-28,2008-01-11
357,4,36,3536,2007-12-24,2008-01-07
357,9,36,5070,2008-01-02,2008-01-16
358,3,36,3237,2007-12-22,2008-01-05
358,8,36,4771,2007-12-20,2008-01-03
359,2,36,2938,2008-01-03,2008-01-17
359,7,36,4472,2007-12-21,2008-01-04
360,1,36,2639,2007-12-28,2008-01-11
360,6,36,4173,2007-12-20,2008-01-03
361,5,37,3874,2008-01-02,2008-01-16
361,10,37,5395,2007-12-30,2008-01-13
362,4,37,3575,2007-12-28,2008-01-11
362,9,37,5096,2007-12-30,2008-01-13
363,3,37,3276,2007-12-21,2008-01-04
363,8,37,4797,2007-12-28,2008-01-11
364,2,37,2977,2007-12-28,2008-01-11
364,7,37,4498,2007-12-24,2008-01-07
365,1,37,2678,2008-01-02,2008-01-16
365,6,37,4199,2008-01-03,2008-01-17
366,5,37,3900,2007-12-26,2008-01-09
366,10,37,5434,2008-01-01,2008-01-15
367,4,37,3601,2008-01-01,2008-01-15
367,9,37,5135,2007-12-27,2008-01-10
368,3,37,3302,2007-12-20,2008-01-03
368,8,37,4836,2007-12-20,2008-01-03
369,2,37,3003,2007-12-22,2008-01-05
369,7,37,4537,2007-12-27,2008-01-10
370,1,37,2704,2007-12-22,2008-01-05
370,6,37,4238,2008-01-01,2008-01-15
371,5,38,3939,2008-01-04,2008-01-18
371,10,38,5460,2008-01-03,2008-01-17
372,4,38,3640,2007-12-20,2008-01-03
372,9,38,5161,2007-12-24,2008-01-07
373,3,38,3341,2008-01-04,2008-01-18
373,8,38,4862,2007-12-28,2008-01-11
374,2,38,3042,2008-01-01,2008-01-15
374,7,38,4563,2007-12-30,2008-01-13
375,1,38,2743,2007-12-27,2008-01-10
375,6,38,4264,2007-12-30,2008-01-13
376,5,38,3965,2007-12-28,2008-01-11
376,10,38,5499,2007-12-20,2008-01-03
377,4,38,3666,2007-12-24,2008-01-07
377,9,38,5200,2007-12-21,2008-01-04
378,3,38,3367,2008-01-03,2008-01-17
378,8,38,4901,2007-12-20,2008-01-03
379,2,38,3068,2007-12-26,2008-01-09
379,7,38,4602,2008-01-02,2008-01-16
380,1,38,2769,2008-01-01,2008-01-15
380,6,38,4303,2007-12-28,2008-01-11
381,5,39,4004,2007-12-21,2008-01-04
381,10,39,5525,2007-12-22,2008-01-05
382,4,39,3705,2007-12-28,2008-01-11
382,9,39,5226,2008-01-03,2008-01-17
383,3,39,3406,2008-01-02,2008-01-16
383,8,39,4927,2007-12-28,2008-01-11
384,2,39,3107,2007-12-20,2008-01-03
384,7,39,4628,2007-12-20,2008-01-03
385,1,39,2808,2007-12-21,2008-01-04
385,6,39,4329,2007-12-26,2008-01-09
386,5,39,4030,2007-12-30,2008-01-13
386,10,39,5564,2007-12-24,2008-01-07
387,4,39,3731,2008-01-01,2008-01-15
387,9,39,5265,2007-12-31,2008-01-14
388,3,39,3432,2008-01-01,2008-01-15
388,8,39,4966,2007-12-20,2008-01-03
389,2,39,3133,2007-12-30,2008-01-13
389,7,39,4667,2007-12-23,2008-01-06
390,1,39,2834,2007-12-26,2008-01-09
390,6,39,4368,2007-12-24,2008-01-07
391,5,40,4069,2007-12-23,2008-01-06
391,10,40,5590,2007-12-26,2008-01-09
392,4,40,3770,2007-12-20,2008-01-03
392,9,40,5291,2007-12-28,2008-01-11
393,3,40,3471,2007-12-31,2008-01-14
393,8,40,4992,2007-12-28,2008-01-11
394,2,40,3172,2007-12-24,2008-01-07
394,7,40,4693,2007-12-26,2008-01-09
395,1,40,2873,2007-12-31,2008-01-14
395,6,40,4394,2007-12-22,2008-01-05
396,5,40,4095,2008-01-01,2008-01-15
396,10,40,5629,2007-12-28,2008-01-11
397,4,40,3796,2007-12-24,2008-01-07
397,9,40,5330,2007-12-25,2008-01-08
398,3,40,3497,2007-12-30,2008-01-13
398,8,40,5031,2007-12-20,2008-01-03
399,2,40,3198,2008-01-03,2008-01-17
399,7,40,4732,2007-12-29,2008-01-12
400,1,40,2899,2007-12-20,2008-01-03
400,6,40,4433,2007-12-20,2008-01-03
401,5,41,4134,2007-12-25,2008-01-08
401,10,41,5655,2007-12-30,2008-01-13
402,4,41,3835,2007-12-28,2008-01-11
402,9,41,5356,2007-12-22,2008-01-05
403,3,41,3536,2007-12-29,2008-01-12
403,8,41,5057,2007-12-28,2008-01-11
404,2,41,3237,2007-12-28,2008-01-11
404,7,41,4758,2008-01-01,2008-01-15
405,1,41,2938,2007-12-25,2008-01-08
405,6,41,4459,2008-01-03,2008-01-17
406,5,41,4160,2008-01-03,2008-01-17
406,10,41,5694,2008-01-01,2008-01-15
407,4,41,3861,2008-01-01,2008-01-15
407,9,41,5395,2008-01-04,2008-01-18
408,3,41,3562,2007-12-28,2008-01-11
408,8,41,5096,2007-12-20,2008-01-03
409,2,41,3263,2007-12-22,2008-01-05
409,7,41,4797,2008-01-04,2008-01-18
410,1,41,2964,2007-12-30,2008-01-13
410,6,41,4498,2008-01-01,2008-01-15
411,5,42,4199,2007-12-27,2008-01-10
411,10,42,5720,2008-01-03,2008-01-17
412,4,42,3900,2007-12-20,2008-01-03
412,9,42,5421,2008-01-01,2008-01-15
413,3,42,3601,2007-12-27,2008-01-10
413,8,42,5122,2007-12-28,2008-01-11
414,2,42,3302,2008-01-01,2008-01-15
414,7,42,4823,2007-12-22,2008-01-05
415,1,42,3003,2008-01-04,2008-01-18
415,6,42,4524,2007-12-30,2008-01-13
416,5,42,4225,2007-12-20,2008-01-03
416,10,42,5759,2007-12-20,2008-01-03
417,4,42,3926,2007-12-24,2008-01-07
417,9,42,5460,2007-12-29,2008-01-12
418,3,42,3627,2007-12-26,2008-01-09
418,8,42,5161,2007-12-20,2008-01-03
419,2,42,3328,2007-12-26,2008-01-09
419,7,42,4862,2007-12-25,2008-01-08
420,1,42,3029,2007-12-24,2008-01-07
420,6,42,4563,2007-12-28,2008-01-11
421,5,43,4264,2007-12-29,2008-01-12
421,10,43,5785,2007-12-22,2008-01-05
422,4,43,3965,2007-12-28,2008-01-11
422,9,43,5486,2007-12-26,2008-01-09
423,3,43,3666,2007-12-25,2008-01-08
423,8,43,5187,2007-12-28,2008-01-11
424,2,43,3367,2007-12-20,2008-01-03
424,7,43,4888,2007-12-28,2008-01-11
425,1,43,3068,2007-12-29,2008-01-12
425,6,43,4589,2007-12-26,2008-01-09
426,5,43,4290,2007-12-22,2008-01-05
426,10,43,5824,2007-12-24,2008-01-07
427,4,43,3991,2008-01-01,2008-01-15
427,9,43,5525,2007-12-23,2008-01-06
428,3,43,3692,2007-12-24,2008-01-07
428,8,43,5226,2007-12-20,2008-01-03
429,2,43,3393,2007-12-30,2008-01-13
429,7,43,4927,2007-12-31,2008-01-14
430,1,43,3094,2008-01-03,2008-01-17
430,6,43,4628,2007-12-24,2008-01-07
431,5,44,4329,2007-12-31,2008-01-14
431,10,44,5850,2007-12-26,2008-01-09
432,4,44,4030,2007-12-20,2008-01-03
432,9,44,5551,2007-12-20,2008-01-03
433,3,44,3731,2007-12-23,2008-01-06
433,8,44,5252,2007-12-28,2008-01-11
434,2,44,3432,2007-12-24,2008-01-07
434,7,44,4953,2008-01-03,2008-01-17
435,1,44,3133,2007-12-23,2008-01-06
435,6,44,4654,2007-12-22,2008-01-05
436,5,44,4355,2007-12-24,2008-01-07
436,10,44,5889,2007-12-28,2008-01-11
437,4,44,4056,2007-12-24,2008-01-07
437,9,44,5590,2008-01-02,2008-01-16
438,3,44,3757,2007-12-22,2008-01-05
438,8,44,5291,2007-12-20,2008-01-03
439,2,44,3458,2008-01-03,2008-01-17
439,7,44,4992,2007-12-21,2008-01-04
440,1,44,3159,2007-12-28,2008-01-11
440,6,44,4693,2007-12-20,2008-01-03
441,5,45,4394,2008-01-02,2008-01-16
441,10,45,5915,2007-12-30,2008-01-13
442,4,45,4095,2007-12-28,2008-01-11
442,9,45,5616,2007-12-30,2008-01-13
443,3,45,3796,2007-12-21,2008-01-04
443,8,45,5317,2007-12-28,2008-01-11
444,2,45,3497,2007-12-28,2008-01-11
444,7,45,5018,2007-12-24,2008-01-07
445,1,45,3198,2008-01-02,2008-01-16
445,6,45,4719,2008-01-03,2008-01-17
446,5,45,4420,2007-12-26,2008-01-09
446,10,45,5954,2008-01-01,2008-01-15
447,4,45,4121,2008-01-01,2008-01-15
447,9,45,5655,2007-12-27,2008-01-10
448,3,45,3822,2007-12-20,2008-01-03
448,8,45,5356,2007-12-20,2008-01-03
449,2,45,3523,2007-12-22,2008-01-05
449,7,45,5057,2007-12-27,2008-01-10
450,1,45,3224,2007-12-22,2008-01-05
450,6,45,4758,2008-01-01,2008-01-15
451,5,46,4459,2008-01-04,2008-01-18
451,10,46,5980,2008-01-03,2008-01-17
452,4,46,4160,2007-12-20,2008-01-03
452,9,46,5681,2007-12-24,2008-01-07
453,3,46,3861,2008-01-04,2008-01-18
453,8,46,5382,2007-12-28,2008-01-11
454,2,46,3562,2008-01-01,2008-01-15
454,7,46,5083,2007-12-30,2008-01-13
455,1,46,3263,2007-12-27,2008-01-10
455,6,46,4784,2007-12-30,2008-01-13
456,5,46,4485,2007-12-28,2008-01-11
456,10,46,6019,2007-12-20,2008-01-03
457,4,46,4186,2007-12-24,2008-01-07
457,9,46,5720,2007-12-21,2008-01-04
458,3,46,3887,2008-01-03,2008-01-17
458,8,46,5421,2007-12-20,2008-01-03
459,2,46,3588,2007-12-26,2008-01-09
459,7,46,5122,2008-01-02,2008-01-16
460,1,46,3289,2008-01-01,2008-01-15
460,6,46,4823,2007-12-28,2008-01-11
461,5,47,4524,2007-12-21,2008-01-04
461,10,47,6045,2007-12-22,2008-01-05
462,4,47,4225,2007-12-28,2008-01-11
462,9,47,5746,2008-01-03,2008-01-17
463,3,47,3926,2008-01-02,2008-01-16
463,8,47,5447,2007-12-28,2008-01-11
464,2,47,3627,2007-12-20,2008-01-03
464,7,47,5148,2007-12-20,2008-01-03
465,1,47,3328,2007-12-21,2008-01-04
465,6,47,4849,2007-12-26,2008-01-09
466,5,47,4550,2007-12-30,2008-01-13
466,10,47,6084,2007-12-24,2008-01-07
467,4,47,4251,2008-01-01,2008-01-15
467,9,47,5785,2007-12-31,2008-01-14
468,3,47,3952,2008-01-01,2008-01-15
468,8,47,5486,2007-12-20,2008-01-03
469,2,47,3653,2007-12-30,2008-01-13
469,7,47,5187,2007-12-23,2008-01-06
470,1,47,3354,2007-12-26,2008-01-09
470,6,47,4888,2007-12-24,2008-01-07
471,5,48,4589,2007-12-23,2008-01-06
471,10,48,6110,2007-12-26,2008-01-09
472,4,48,4290,2007-12-20,2008-01-03
472,9,48,5811,2007-12-28,2008-01-11
473,3,48,3991,2007-12-31,2008-01-14
473,8,48,5512,2007-12-28,2008-01-11
474,2,48,3692,2007-12-24,2008-01-07
474,7,48,5213,2007-12-26,2008-01-09
475,1,48,3393,2007-12-31,2008-01-14
475,6,48,4914,2007-12-22,2008-01-05
476,5,48,4615,2008-01-01,2008-01-15
476,10,48,6149,2007-12-28,2008-01-11
477,4,48,4316,2007-12-24,2008-01-07
477,9,48,5850,2007-12-25,2008-01-08
478,3,48,4017,2007-12-30,2008-01-13
478,8,48,5551,2007-12-20,2008-01-03
479,2,48,3718,2008-01-03,2008-01-17
479,7,48,5252,2007-12-29,2008-01-12
480,1,48,3419,2007-12-20,2008-01-03
480,6,48,4953,2007-12-20,2008-01-03
481,5,49,4654,2007-12-25,2008-01-08
481,10,49,6175,2007-12-30,2008-01-13
482,4,49,4355,2007-12-28,2008-01-11
482,9,49,5876,2007-12-22,2008-01-05
483,3,49,4056,2007-12-29,2008-01-12
483,8,49,5577,2007-12-28,2008-01-11
484,2,49,3757,2007-12-28,2008-01-11
484,7,49,5278,2008-01-01,2008-01-15
485,1,49,3458,2007-12-25,2008-01-08
485,6,49,4979,2008-01-03,2008-01-17
486,5,49,4680,2008-01-03,2008-01-17
486,10,49,6214,2008-01-01,2008-01-15
487,4,49,4381,2008-01-01,2008-01-15
487,9,49,5915,2008-01-04,2008-01-18
488,3,49,4082,2007-12-28,2008-01-11
488,8,49,5616,2007-12-20,2008-01-03
489,2,49,3783,2007-12-22,2008-01-05
489,7,49,5317,2008-01-04,2008-01-18
490,1,49,3484,2007-12-30,2008-01-13
490,6,49,5018,2008-01-01,2008-01-15
491,5,50,4719,2007-12-27,2008-01-10
491,10,50,6240,2008-01-03,2008-01-17
492,4,50,4420,2007-12-20,2008-01-03
492,9,50,5941,2008-01-01,2008-01-15
493,3,50,4121,2007-12-27,2008-01-10
493,8,50,5642,2007-12-28,2008-01-11
494,2,50,3822,2008-01-01,2008-01-15
494,7,50,5343,2007-12-22,2008-01-05
495,1,50,3523,2008-01-04,2008-01-18
495,6,50,5044,2007-12-30,2008-01-13
496,5,50,4745,2007-12-20,2008-01-03
496,10,50,6279,2007-12-20,2008-01-03
497,4,50,4446,2007-12-24,2008-01-07
497,9,50,5980,2007-12-29,2008-01-12
498,3,50,4147,2007-12-26,2008-01-09
498,8,50,5681,2007-12-20,2008-01-03
499,2,50,3848,2007-12-26,2008-01-09
499,7,50,5382,2007-12-25,2008-01-08
500,1,50,3549,2007-12-24,2008-01-07
500,6,50,5083,2007-12-28,2008-01-11
501,5,1,4784,2007-12-29,2008-01-12
501,10,1,6305,2007-12-22,2008-01-05
502,4,1,4485,2007-12-28,2008-01-11
502,9,1,6006,2007-12-26,2008-01-09
503,3,1,4186,2007-12-25,2008-01-08
503,8,1,5707,2007-12-28,2008-01-11
504,2,1,3887,2007-12-20,2008-01-03
504,7,1,5408,2007-12-28,2008-01-11
505,1,1,3588,2007-12-29,2008-01-12
505,6,1,5109,2007-12-26,2008-01-09
506,5,1,4810,2007-12-22,2008-01-05
506,10,1,6344,2007-12-24,2008-01-07
507,4,1,4511,2008-01-01,2008-01-15
507,9,1,6045,2007-12-23,2008-01-06
508,3,1,4212,2007-12-24,2008-01-07
508,8,1,5746,2007-12-20,2008-01-03
509,2,1,3913,2007-12-30,2008-01-13
509,7,1,5447,2007-12-31,2008-01-14
510,1,1,3614,2008-01-03,2008-01-17
510,6,1,5148,2007-12-24,2008-01-07
511,5,2,4849,2007-12-31,2008-01-14
511,10,2,6370,2007-12-26,2008-01-09
512,4,2,4550,2007-12-20,2008-01-03
512,9,2,6071,2007-12-20,2008-01-03
513,3,2,4251,2007-12-23,2008-01-06
513,8,2,5772,2007-12-28,2008-01-11
514,2,2,3952,2007-12-24,2008-01-07
514,7,2,5473,2008-01-03,2008-01-17
515,1,2,3653,2007-12-23,2008-01-06
515,6,2,5174,2007-12-22,2008-01-05
516,5,2,4875,2007-12-24,2008-01-07
516,10,2,6409,2007-12-28,2008-01-11
517,4,2,4576,2007-12-24,2008-01-07
517,9,2,6110,2008-01-02,2008-01-16
518,3,2,4277,2007-12-22,2008-01-05
518,8,2,5811,2007-12-20,2008-01-03
519,2,2,3978,2008-01-03,2008-01-17
519,7,2,5512,2007-12-21,2008-01-04
520,1,2,3679,2007-12-28,2008-01-11
520,6,2,5213,2007-12-20,2008-01-03
521,5,3,4914,2008-01-02,2008-01-16
521,10,3,6435,2007-12-30,2008-01-13
522,4,3,4615,2007-12-28,2008-01-11
522,9,3,6136,2007-12-30,2008-01-13
523,3,3,4316,2007-12-21,2008-01-04
523,8,3,5837,2007-12-28,2008-01-11
524,2,3,4017,2007-12-28,2008-01-11
524,7,3,5538,2007-12-24,2008-01-07
525,1,3,3718,2008-01-02,2008-01-16
525,6,3,5239,2008-01-03,2008-01-17
526,5,3,4940,2007-12-26,2008-01-09
526,10,3,6474,2008-01-01,2008-01-15
527,4,3,4641,2008-01-01,2008-01-15
527,9,3,6175,2007-12-27,2008-01-10
528,3,3,4342,2007-12-20,2008-01-03
528,8,3,5876,2007-12-20,2008-01-03
529,2,3,4043,2007-12-22,2008-01-05
529,7,3,5577,2007-12-27,2008-01-10
530,1,3,3744,2007-12-22,2008-01-05
530,6,3,5278,2008-01-01,2008-01-15
531,5,4,4979,2008-01-04,2008-01-18
531,10,4,6500,2008-01-03,2008-01-17
532,4,4,4680,2007-12-20,2008-01-03
532,9,4,6201,2007-12-24,2008-01-07
533,3,4,4381,2008-01-04,2008-01-18
533,8,4,5902,2007-12-28,2008-01-11
534,2,4,4082,2008-01-01,2008-01-15
534,7,4,5603,2007-12-30,2008-01-13
535,1,4,3783,2007-12-27,2008-01-10
535,6,4,5304,2007-12-30,2008-01-13
536,5,4,5005,2007-12-28,2008-01-11
536,10,4,6539,2007-12-20,2008-01-03
537,4,4,4706,2007-12-24,2008-01-07
537,9,4,6240,2007-12-21,2008-01-04
538,3,4,4407,2008-01-03,2008-01-17
538,8,4,5941,2007-12-20,2008-01-03
539,2,4,4108,2007-12-26,2008-01-09
539,7,4,5642,2008-01-02,2008-01-16
540,1,4,3809,2008-01-01,2008-01-15
540,6,4,5343,2007-12-28,2008-01-11
541,5,5,5044,2007-12-21,2008-01-04
541,10,5,6565,2007-12-22,2008-01-05
542,4,5,4745,2007-12-28,2008-01-11
542,9,5,6266,2008-01-03,2008-01-17
543,3,5,4446,2008-01-02,2008-01-16
543,8,5,5967,2007-12-28,2008-01-11
544,2,5,4147,2007-12-20,2008-01-03
544,7,5,5668,2007-12-20,2008-01-03
545,1,5,3848,2007-12-21,2008-01-04
545,6,5,5369,2007-12-26,2008-01-09
546,5,5,5070,2007-12-30,2008-01-13
546,10,5,6604,2007-12-24,2008-01-07
547,4,5,4771,2008-01-01,2008-01-15
547,9,5,6305,2007-12-31,2008-01-14
548,3,5,4472,2008-01-01,2008-01-15
548,8,5,6006,2007-12-20,2008-01-03
549,2,5,4173,2007-12-30,2008-01-13
549,7,5,5707,2007-12-23,2008-01-06
550,1,5,3874,2007-12-26,2008-01-09
550,6,5,5408,2007-12-24,2008-01-07
551,5,6,5109,2007-12-23,2008-01-06
551,10,6,6630,2007-12-26,2008-01-09
552,4,6,4810,2007-12-20,2008-01-03
552,9,6,6331,2007-12-28,2008-01-11
553,3,6,4511,2007-12-31,2008-01-14
553,8,6,6032,2007-12-28,2008-01-11
554,2,6,4212,2007-12-24,2008-01-07
554,7,6,5733,2007-12-26,2008-01-09
555,1,6,3913,2007-12-31,2008-01-14
555,6,6,5434,2007-12-22,2008-01-05
556,5,6,5135,2008-01-01,2008-01-15
556,10,6,6669,2007-12-28,2008-01-11
557,4,6,4836,2007-12-24,2008-01-07
557,9,6,6370,2007-12-25,2008-01-08
558,3,6,4537,2007-12-30,2008-01-13
558,8,6,6071,2007-12-20,2008-01-03
559,2,6,4238,2008-01-03,2008-01-17
559,7,6,5772,2007-12-29,2008-01-12
560,1,6,3939,2007-12-20,2008-01-03
560,6,6,5473,2007-12-20,2008-01-03
561,5,7,5174,2007-12-25,2008-01-08
561,10,7,6695,2007-12-30,2008-01-13
562,4,7,4875,2007-12-28,2008-01-11
562,9,7,6396,2007-12-22,2008-01-05
563,3,7,4576,2007-12-29,2008-01-12
563,8,7,6097,2007-12-28,2008-01-11
564,2,7,4277,2007-12-28,2008-01-11
564,7,7,5798,2008-01-01,2008-01-15
565,1,7,3978,2007-12-25,2008-01-08
565,6,7,5499,2008-01-03,2008-01-17
566,5,7,5200,2008-01-03,2008-01-17
566,10,7,6734,2008-01-01,2008-01-15
567,4,7,4901,2008-01-01,2008-01-15
567,9,7,6435,2008-01-04,2008-01-18
568,3,7,4602,2007-12-28,2008-01-11
568,8,7,6136,2007-12-20,2008-01-03
569,2,7,4303,2007-12-22,2008-01-05
569,7,7,5837,2008-01-04,2008-01-18
570,1,7,4004,2007-12-30,2008-01-13
570,6,7,5538,2008-01-01,2008-01-15
571,5,8,5239,2007-12-27,2008-01-10
571,10,8,6760,2008-01-03,2008-01-17
572,4,8,4940,2007-12-20,2008-01-03
572,9,8,6461,2008-01-01,2008-01-15
573,3,8,4641,2007-12-27,2008-01-10
573,8,8,6162,2007-12-28,2008-01-11
574,2,8,4342,2008-01-01,2008-01-15
574,7,8,5863,2007-12-22,2008-01-05
575,1,8,4043,2008-01-04,2008-01-18
575,6,8,5564,2007-12-30,2008-01-13
576,5,8,5265,2007-12-20,2008-01-03
576,10,8,6799,2007-12-20,2008-01-03
577,4,8,4966,2007-12-24,2008-01-07
577,9,8,6500,2007-12-29,2008-01-12
578,3,8,4667,2007-12-26,2008-01-09
578,8,8,6201,2007-12-20,2008-01-03
579,2,8,4368,2007-12-26,2008-01-09
579,7,8,5902,2007-12-25,2008-01-08
580,1,8,4069,2007-12-24,2008-01-07
580,6,8,5603,2007-12-28,2008-01-11
581,5,9,5304,2007-12-29,2008-01-12
581,10,9,6825,2007-12-22,2008-01-05
582,4,9,5005,2007-12-28,2008-01-11
582,9,9,6526,2007-12-26,2008-01-09
583,3,9,4706,2007-12-25,2008-01-08
583,8,9,6227,2007-12-28,2008-01-11
584,2,9,4407,2007-12-20,2008-01-03
584,7,9,5928,2007-12-28,2008-01-11
585,1,9,4108,2007-12-29,2008-01-12
585,6,9,5629,2007-12-26,2008-01-09
586,5,9,5330,2007-12-22,2008-01-05
586,10,9,6864,2007-12-24,2008-01-07
587,4,9,5031,2008-01-01,2008-01-15
587,9,9,6565,2007-12-23,2008-01-06
588,3,9,4732,2007-12-24,2008-01-07
588,8,9,6266,2007-12-20,2008-01-03
589,2,9,4433,2007-12-30,2008-01-13
589,7,9,5967,2007-12-31,2008-01-14
590,1,9,4134,2008-01-03,2008-01-17
590,6,9,5668,2007-12-24,2008-01-07
591,5,10,5369,2007-12-31,2008-01-14
591,10,10,6890,2007-12-26,2008-01-09
592,4,10,5070,2007-12-20,2008-01-03
592,9,10,6591,2007-12-20,2008-01-03
593,3,10,4771,2007-12-23,2008-01-06
593,8,10,6292,2007-12-28,2008-01-11
594,2,10,4472,2007-12-24,2008-01-07
594,7,10,5993,2008-01-03,2008-01-17
595,1,10,4173,2007-12-23,2008-01-06
595,6,10,5694,2007-12-22,2008-01-05
596,5,10,5395,2007-12-24,2008-01-07
596,10,10,6929,2007-12-28,2008-01-11
597,4,10,5096,2007-12-24,2008-01-07
597,9,10,6630,2008-01-02,2008-01-16
598,3,10,4797,2007-12-22,2008-01-05
598,8,10,6331,2007-12-20,2008-01-03
599,2,10,4498,2008-01-03,2008-01-17
599,7,10,6032,2007-12-21,2008-01-04
600,1,10,4199,2007-12-28,2008-01-11
600,6,10,5733,2007-12-20,2008-01-03
601,5,11,5434,2008-01-02,2008-01-16
601,10,11,6955,2007-12-30,2008-01-13
602,4,11,5135,2007-12-28,2008-01-11
602,9,11,6656,2007-12-30,2008-01-13
603,3,11,4836,2007-12-21,2008-01-04
603,8,11,6357,2007-12-28,2008-01-11
604,2,11,4537,2007-12-28,2008-01-11
604,7,11,6058,2007-12-24,2008-01-07
605,1,11,4238,2008-01-02,2008-01-16
605,6,11,5759,2008-01-03,2008-01-17
606,5,11,5460,2007-12-26,2008-01-09
606,10,11,6994,2008-01-01,2008-01-15
607,4,11,5161,2008-01-01,2008-01-15
607,9,11,6695,2007-12-27,2008-01-10
608,3,11,4862,2007-12-20,2008-01-03
608,8,11,6396,2007-12-20,2008-01-03
609,2,11,4563,2007-12-22,2008-01-05
609,7,11,6097,2007-12-27,2008-01-10
610,1,11,4264,2007-12-22,2008-01-05
610,6,11,5798,2008-01-01,2008-01-15
611,5,12,5499,2008-01-04,2008-01-18
611,10,12,7020,2008-01-03,2008-01-17
612,4,12,5200,2007-12-20,2008-01-03
612,9,12,6721,2007-12-24,2008-01-07
613,3,12,4901,2008-01-04,2008-01-18
613,8,12,6422,2007-12-28,2008-01-11
614,2,12,4602,2008-01-01,2008-01-15
614,7,12,6123,2007-12-30,2008-01-13
615,1,12,4303,2007-12-27,2008-01-10
615,6,12,5824,2007-12-30,2008-01-13
616,5,12,5525,2007-12-28,2008-01-11
616,10,12,7059,2007-12-20,2008-01-03
617,4,12,5226,2007-12-24,2008-01-07
617,9,12,6760,2007-12-21,2008-01-04
618,3,12,4927,2008-01-03,2008-01-17
618,8,12,6461,2007-12-20,2008-01-03
619,2,12,4628,2007-12-26,2008-01-09
619,7,12,6162,2008-01-02,2008-01-16
620,1,12,4329,2008-01-01,2008-01-15
620,6,12,5863,2007-12-28,2008-01-11
621,5,13,5564,2007-12-21,2008-01-04
621,10,13,7085,2007-12-22,2008-01-05
622,4,13,5265,2007-12-28,2008-01-11
622,9,13,6786,2008-01-03,2008-01-17
623,3,13,4966,2008-01-02,2008-01-16
623,8,13,6487,2007-12-28,2008-01-11
624,2,13,4667,2007-12-20,2008-01-03
624,7,13,6188,2007-12-20,2008-01-03
625,1,13,4368,2007-12-21,2008-01-04
625,6,13,5889,2007-12-26,2008-01-09
626,5,13,5590,2007-12-30,2008-01-13
626,10,13,7124,2007-12-24,2008-01-07
627,4,13,5291,2008-01-01,2008-01-15
627,9,13,6825,2007-12-31,2008-01-14
628,3,13,4992,2008-01-01,2008-01-15
628,8,13,6526,2007-12-20,2008-01-03
629,2,13,4693,2007-12-30,2008-01-13
629,7,13,6227,2007-12-23,2008-01-06
630,1,13,4394,2007-12-26,2008-01-09
630,6,13,5928,2007-12-24,2008-01-07
631,5,14,5629,2007-12-23,2008-01-06
631,10,14,7150,2007-12-26,2008-01-09
632,4,14,5330,2007-12-20,2008-01-03
632,9,14,6851,2007-12-28,2008-01-11
633,3,14,5031,2007-12-31,2008-01-14
633,8,14,6552,2007-12-28,2008-01-11
634,2,14,4732,2007-12-24,2008-01-07
634,7,14,6253,2007-12-26,2008-01-09
635,1,14,4433,2007-12-31,2008-01-14
635,6,14,5954,2007-12-22,2008-01-05
636,5,14,5655,2008-01-01,2008-01-15
636,10,14,7189,2007-12-28,2008-01-11
637,4,14,5356,2007-12-24,2008-01-07
637,9,14,6890,2007-12-25,2008-01-08
638,3,14,5057,2007-12-30,2008-01-13
638,8,14,6591,2007-12-20,2008-01-03
639,2,14,4758,2008-01-03,2008-01-17
639,7,14,6292,2007-12-29,2008-01-12
640,1,14,4459,2007-12-20,2008-01-03
640,6,14,5993,2007-12-20,2008-01-03
641,5,15,5694,2007-12-25,2008-01-08
641,10,15,7215,2007-12-30,2008-01-13
642,4,15,5395,2007-12-28,2008-01-11
642,9,15,6916,2007-12-22,2008-01-05
643,3,15,5096,2007-12-29,2008-01-12
643,8,15,6617,2007-12-28,2008-01-11
644,2,15,4797,2007-12-28,2008-01-11
644,7,15,6318,2008-01-01,2008-01-15
645,1,15,4498,2007-12-25,2008-01-08
645,6,15,6019,2008-01-03,2008-01-17
646,5,15,5720,2008-01-03,2008-01-17
646,10,15,7254,2008-01-01,2008-01-15
647,4,15,5421,2008-01-01,2008-01-15
647,9,15,6955,2008-01-04,2008-01-18
648,3,15,5122,2007-12-28,2008-01-11
648,8,15,6656,2007-12-20,2008-01-03
649,2,15,4823,2007-12-22,2008-01-05
649,7,15,6357,2008-01-04,2008-01-18
650,1,15,4524,2007-12-30,2008-01-13
650,6,15,6058,2008-01-01,2008-01-15
651,5,16,5759,2007-12-27,2008-01-10
651,10,16,7280,2008-01-03,2008-01-17
652,4,16,5460,2007-12-20,2008-01-03
652,9,16,6981,2008-01-01,2008-01-15
653,3,16,5161,2007-12-27,2008-01-10
653,8,16,6682,2007-12-28,2008-01-11
654,2,16,4862,2008-01-01,2008-01-15
654,7,16,6383,2007-12-22,2008-01-05
655,1,16,4563,2008-01-04,2008-01-18
655,6,16,6084,2007-12-30,2008-01-13
656,5,16,5785,2007-12-20,2008-01-03
656,10,16,7319,2007-12-20,2008-01-03
657,4,16,5486,2007-12-24,2008-01-07
657,9,16,7020,2007-12-29,2008-01-12
658,3,16,5187,2007-12-26,2008-01-09
658,8,16,6721,2007-12-20,2008-01-03
659,2,16,4888,2007-12-26,2008-01-09
659,7,16,6422,2007-12-25,2008-01-08
660,1,16,4589,2007-12-24,2008-01-07
660,6,16,6123,2007-12-28,2008-01-11
661,5,17,5824,2007-12-29,2008-01-12
661,10,17,7345,2007-12-22,2008-01-05
662,4,17,5525,2007-12-28,2008-01-11
662,9,17,7046,2007-12-26,2008-01-09
663,3,17,5226,2007-12-25,2008-01-08
663,8,17,6747,2007-12-28,2008-01-11
664,2,17,4927,2007-12-20,2008-01-03
664,7,17,6448,2007-12-28,2008-01-11
665,1,17,4628,2007-12-29,2008-01-12
665,6,17,6149,2007-12-26,2008-01-09
666,5,17,5850,2007-12-22,2008-01-05
666,10,17,7384,2007-12-24,2008-01-07
667,4,17,5551,2008-01-01,2008-01-15
667,9,17,7085,2007-12-23,2008-01-06
668,3,17,5252,2007-12-24,2008-01-07
668,8,17,6786,2007-12-20,2008-01-03
669,2,17,4953,2007-12-30,2008-01-13
669,7,17,6487,2007-12-31,2008-01-14
670,1,17,4654,2008-01-03,2008-01-17
670,6,17,6188,2007-12-24,2008-01-07
671,5,18,5889,2007-12-31,2008-01-14
671,10,18,7410,2007-12-26,2008-01-09
672,4,18,5590,2007-12-20,2008-01-03
672,9,18,7111,2007-12-20,2008-01-03
673,3,18,5291,2007-12-23,2008-01-06
673,8,18,6812,2007-12-28,2008-01-11
674,2,18,4992,2007-12-24,2008-01-07
674,7,18,6513,2008-01-03,2008-01-17
675,1,18,4693,2007-12-23,2008-01-06
675,6,18,6214,2007-12-22,2008-01-05
676,5,18,5915,2007-12-24,2008-01-07
676,10,18,7449,2007-12-28,2008-01-11
677,4,18,5616,2007-12-24,2008-01-07
677,9,18,7150,2008-01-02,2008-01-16
678,3,18,5317,2007-12-22,2008-01-05
678,8,18,6851,2007-12-20,2008-01-03
679,2,18,5018,2008-01-03,2008-01-17
679,7,18,6552,2007-12-21,2008-01-04
680,1,18,4719,2007-12-28,2008-01-11
680,6,18,6253,2007-12-20,2008-01-03
681,5,19,5954,2008-01-02,2008-01-16
681,10,19,7475,2007-12-30,2008-01-13
682,4,19,5655,2007-12-28,2008-01-11
682,9,19,7176,2007-12-30,2008-01-13
683,3,19,5356,2007-12-21,2008-01-04
683,8,19,6877,2007-12-28,2008-01-11
684,2,19,5057,2007-12-28,2008-01-11
684,7,19,6578,2007-12-24,2008-01-07
685,1,19,4758,2008-01-02,2008-01-16
685,6,19,6279,2008-01-03,2008-01-17
686,5,19,5980,2007-12-26,2008-01-09
686,10,19,7514,2008-01-01,2008-01-15
687,4,19,5681,2008-01-01,2008-01-15
687,9,19,7215,2007-12-27,2008-01-10
688,3,19,5382,2007-12-20,2008-01-03
688,8,19,6916,2007-12-20,2008-01-03
689,2,19,5083,2007-12-22,2008-01-05
689,7,19,6617,2007-12-27,2008-01-10
690,1,19,4784,2007-12-22,2008-01-05
690,6,19,6318,2008-01-01,2008-01-15
691,5,20,6019,2008-01-04,2008-01-18
691,10,20,7540,2008-01-03,2008-01-17
692,4,20,5720,2007-12-20,2008-01-03
692,9,20,7241,2007-12-24,2008-01-07
693,3,20,5421,2008-01-04,2008-01-18
693,8,20,6942,2007-12-28,2008-01-11
694,2,20,5122,2008-01-01,2008-01-15
694,7,20,6643,2007-12-30,2008-01-13
695,1,20,4823,2007-12-27,2008-01-10
695,6,20,6344,2007-12-30,2008-01-13
696,5,20,6045,2007-12-28,2008-01-11
696,10,20,7579,2007-12-20,2008-01-03
697,4,20,5746,2007-12-24,2008-01-07
697,9,20,7280,2007-12-21,2008-01-04
698,3,20,5447,2008-01-03,2008-01-17
698,8,20,6981,2007-12-20,2008-01-03
699,2,20,5148,2007-12-26,2008-01-09
699,7,20,6682,2008-01-02,2008-01-16
700,1,20,4849,2008-01-01,2008-01-15
700,6,20,6383,2007-12-28,2008-01-11
701,5,21,6084,2007-12-21,2008-01-04
701,10,21,7605,2007-12-22,2008-01-05
702,4,21,5785,2007-12-28,2008-01-11
702,9,21,7306,2008-01-03,2008-01-17
703,3,21,5486,2008-01-02,2008-01-16
703,8,21,7007,2007-12-28,2008-01-11
704,2,21,5187,2007-12-20,2008-01-03
704,7,21,6708,2007-12-20,2008-01-03
705,1,21,4888,2007-12-21,2008-01-04
705,6,21,6409,2007-12-26,2008-01-09
706,5,21,6110,2007-12-30,2008-01-13
706,10,21,7644,2007-12-24,2008-01-07
707,4,21,5811,2008-01-01,2008-01-15
707,9,21,7345,2007-12-31,2008-01-14
708,3,21,5512,2008-01-01,2008-01-15
708,8,21,7046,2007-12-20,2008-01-03
709,2,21,5213,2007-12-30,2008-01-13
709,7,21,6747,2007-12-23,2008-01-06
710,1,21,4914,2007-12-26,2008-01-09
710,6,21,6448,2007-12-24,2008-01-07
711,5,22,6149,2007-12-23,2008-01-06
711,10,22,7670,2007-12-26,2008-01-09
712,4,22,5850,2007-12-20,2008-01-03
712,9,22,7371,2007-12-28,2008-01-11
713,3,22,5551,2007-12-31,2008-01-14
713,8,22,7072,2007-12-28,2008-01-11
714,2,22,5252,2007-12-24,2008-01-07
714,7,22,6773,2007-12-26,2008-01-09
715,1,22,4953,2007-12-31,2008-01-14
715,6,22,6474,2007-12-22,2008-01-05
716,5,22,6175,2008-01-01,2008-01-15
716,10,22,7709,2007-12-28,2008-01-11
717,4,22,5876,2007-12-24,2008-01-07
717,9,22,7410,2007-12-25,2008-01-08
718,3,22,5577,2007-12-30,2008-01-13
718,8,22,7111,2007-12-20,2008-01-03
719,2,22,5278,2008-01-03,2008-01-17
719,7,22,6812,2007-12-29,2008-01-12
720,1,22,4979,2007-12-20,2008-01-03
720,6,22,6513,2007-12-20,2008-01-03
721,5,23,6214,2007-12-25,2008-01-08
721,10,23,7735,2007-12-30,2008-01-13
722,4,23,5915,2007-12-28,2008-01-11
722,9,23,7436,2007-12-22,2008-01-05
723,3,23,5616,2007-12-29,2008-01-12
723,8,23,7137,2007-12-28,2008-01-11
724,2,23,5317,2007-12-28,2008-01-11
724,7,23,6838,2008-01-01,2008-01-15
725,1,23,5018,2007-12-25,2008-01-08
725,6,23,6539,2008-01-03,2008-01-17
726,5,23,6240,2008-01-03,2008-01-17
726,10,23,7774,2008-01-01,2008-01-15
727,4,23,5941,2008-01-01,2008-01-15
727,9,23,7475,2008-01-04,2008-01-18
728,3,23,5642,2007-12-28,2008-01-11
728,8,23,7176,2007-12-20,2008-01-03
729,2,23,5343,2007-12-22,2008-01-05
729,7,23,6877,2008-01-04,2008-01-18
730,1,23,5044,2007-12-30,2008-01-13
730,6,23,6578,2008-01-01,2008-01-15
731,5,24,6279,2007-12-27,2008-01-10
731,10,24,7800,2008-01-03,2008-01-17
732,4,24,5980,2007-12-20,2008-01-03
732,9,24,7501,2008-01-01,2008-01-15
733,3,24,5681,2007-12-27,2008-01-10
733,8,24,7202,2007-12-28,2008-01-11
734,2,24,5382,2008-01-01,2008-01-15
734,7,24,6903,2007-12-22,2008-01-05
735,1,24,5083,2008-01-04,2008-01-18
735,6,24,6604,2007-12-30,2008-01-13
736,5,24,6305,2007-12-20,2008-01-03
736,10,24,7839,2007-12-20,2008-01-03
737,4,24,6006,2007-12-24,2008-01-07
737,9,24,7540,2007-12-29,2008-01-12
738,3,24,5707,2007-12-26,2008-01-09
738,8,24,7241,2007-12-20,2008-01-03
739,2,24,5408,2007-12-26,2008-01-09
739,7,24,6942,2007-12-25,2008-01-08
740,1,24,5109,2007-12-24,2008-01-07
740,6,24,6643,2007-12-28,2008-01-11
741,5,25,6344,2007-12-29,2008-01-12
741,10,25,7865,2007-12-22,2008-01-05
742,4,25,6045,2007-12-28,2008-01-11
742,9,25,7566,2007-12-26,2008-01-09
743,3,25,5746,2007-12-25,2008-01-08
743,8,25,7267,2007-12-28,2008-01-11
744,2,25,5447,2007-12-20,2008-01-03
744,7,25,6968,2007-12-28,2008-01-11
745,1,25,5148,2007-12-29,2008-01-12
745,6,25,6669,2007-12-26,2008-01-09
746,5,25,6370,2007-12-22,2008-01-05
746,10,25,7904,2007-12-24,2008-01-07
747,4,25,6071,2008-01-01,2008-01-15
747,9,25,7605,2007-12-23,2008-01-06
748,3,25,5772,2007-12-24,2008-01-07
748,8,25,7306,2007-12-20,2008-01-03
749,2,25,5473,2007-12-30,2008-01-13
749,7,25,7007,2007-12-31,2008-01-14
750,1,25,5174,2008-01-03,2008-01-17
750,6,25,6708,2007-12-24,2008-01-07
751,5,26,6409,2007-12-31,2008-01-14
751,10,26,7930,2007-12-26,2008-01-09
752,4,26,6110,2007-12-20,2008-01-03
752,9,26,7631,2007-12-20,2008-01-03
753,3,26,5811,2007-12-23,2008-01-06
753,8,26,7332,2007-12-28,2008-01-11
754,2,26,5512,2007-12-24,2008-01-07
754,7,26,7033,2008-01-03,2008-01-17
755,1,26,5213,2007-12-23,2008-01-06
755,6,26,6734,2007-12-22,2008-01-05
756,5,26,6435,2007-12-24,2008-01-07
756,10,26,7969,2007-12-28,2008-01-11
757,4,26,6136,2007-12-24,2008-01-07
757,9,26,7670,2008-01-02,2008-01-16
758,3,26,5837,2007-12-22,2008-01-05
758,8,26,7371,2007-12-20,2008-01-03
759,2,26,5538,2008-01-03,2008-01-17
759,7,26,7072,2007-12-21,2008-01-04
760,1,26,5239,2007-12-28,2008-01-11
760,6,26,6773,2007-12-20,2008-01-03
761,5,27,6474,2008-01-02,2008-01-16
761,10,27,7995,2007-12-30,2008-01-13
762,4,27,6175,2007-12-28,2008-01-11
762,9,27,7696,2007-12-30,2008-01-13
763,3,27,5876,2007-12-21,2008-01-04
763,8,27,7397,2007-12-28,2008-01-11
764,2,27,5577,2007-12-28,2008-01-11
764,7,27,7098,2007-12-24,2008-01-07
765,1,27,5278,2008-01-02,2008-01-16
765,6,27,6799,2008-01-03,2008-01-17
766,5,27,6500,2007-12-26,2008-01-09
766,10,27,8034,2008-01-01,2008-01-15
767,4,27,6201,2008-01-01,2008-01-15
767,9,27,7735,2007-12-27,2008-01-10
768,3,27,5902,2007-12-20,2008-01-03
768,8,27,7436,2007-12-20,2008-01-03
769,2,27,5603,2007-12-22,2008-01-05
769,7,27,7137,2007-12-27,2008-01-10
770,1,27,5304,2007-12-22,2008-01-05
770,6,27,6838,2008-01-01,2008-01-15
771,5,28,6539,2008-01-04,2008-01-18
771,10,28,8060,2008-01-03,2008-01-17
772,4,28,6240,2007-12-20,2008-01-03
772,9,28,7761,2007-12-24,2008-01-07
773,3,28,5941,2008-01-04,2008-01-18
773,8,28,7462,2007-12-28,2008-01-11
774,2,28,5642,2008-01-01,2008-01-15
774,7,28,7163,2007-12-30,2008-01-13
775,1,28,5343,2007-12-27,2008-01-10
775,6,28,6864,2007-12-30,2008-01-13
776,5,28,6565,2007-12-28,2008-01-11
776,10,28,8099,2007-12-20,2008-01-03
777,4,28,6266,2007-12-24,2008-01-07
777,9,28,7800,2007-12-21,2008-01-04
778,3,28,5967,2008-01-03,2008-01-17
778,8,28,7501,2007-12-20,2008-01-03
779,2,28,5668,2007-12-26,2008-01-09
779,7,28,7202,2008-01-02,2008-01-16
780,1,28,5369,2008-01-01,2008-01-15
780,6,28,6903,2007-12-28,2008-01-11
781,5,29,6604,2007-12-21,2008-01-04
781,10,29,8125,2007-12-22,2008-01-05
782,4,29,6305,2007-12-28,2008-01-11
782,9,29,7826,2008-01-03,2008-01-17
783,3,29,6006,2008-01-02,2008-01-16
783,8,29,7527,2007-12-28,2008-01-11
784,2,29,5707,2007-12-20,2008-01-03
784,7,29,7228,2007-12-20,2008-01-03
785,1,29,5408,2007-12-21,2008-01-04
785,6,29,6929,2007-12-26,2008-01-09
786,5,29,6630,2007-12-30,2008-01-13
786,10,29,8164,2007-12-24,2008-01-07
787,4,29,6331,2008-01-01,2008-01-15
787,9,29,7865,2007-12-31,2008-01-14
788,3,29,6032,2008-01-01,2008-01-15
788,8,29,7566,2007-12-20,2008-01-03
789,2,29,5733,2007-12-30,2008-01-13
789,7,29,7267,2007-12-23,2008-01-06
790,1,29,5434,2007-12-26,2008-01-09
790,6,29,6968,2007-12-24,2008-01-07
791,5,30,6669,2007-12-23,2008-01-06
791,10,30,8190,2007-12-26,2008-01-09
792,4,30,6370,2007-12-20,2008-01-03
792,9,30,7891,2007-12-28,2008-01-11
793,3,30,6071,2007-12-31,2008-01-14
793,8,30,7592,2007-12-28,2008-01-11
794,2,30,5772,2007-12-24,2008-01-07
794,7,30,7293,2007-12-26,2008-01-09
795,1,30,5473,2007-12-31,2008-01-14
795,6,30,6994,2007-12-22,2008-01-05
796,5,30,6695,2008-01-01,2008-01-15
796,10,30,8229,2007-12-28,2008-01-11
797,4,30,6396,2007-12-24,2008-01-07
797,9,30,7930,2007-12-25,2008-01-08
798,3,30,6097,2007-12-30,2008-01-13
798,8,30,7631,2007-12-20,2008-01-03
799,2,30,5798,2008-01-03,2008-01-17
799,7,30,7332,2007-12-29,2008-01-12
800,1,30,5499,2007-12-20,2008-01-03
800,6,30,7033,2007-12-20,2008-01-03
801,5,31,6734,2007-12-25,2008-01-08
801,10,31,8255,2007-12-30,2008-01-13
802,4,31,6435,2007-12-28,2008-01-11
802,9,31,7956,2007-12-22,2008-01-05
803,3,31,6136,2007-12-29,2008-01-12
803,8,31,7657,2007-12-28,2008-01-11
804,2,31,5837,2007-12-28,2008-01-11
804,7,31,7358,2008-01-01,2008-01-15
805,1,31,5538,2007-12-25,2008-01-08
805,6,31,7059,2008-01-03,2008-01-17
806,5,31,6760,2008-01-03,2008-01-17
806,10,31,8294,2008-01-01,2008-01-15
807,4,31,6461,2008-01-01,2008-01-15
807,9,31,7995,2008-01-04,2008-01-18
808,3,31,6162,2007-12-28,2008-01-11
808,8,31,7696,2007-12-20,2008-01-03
809,2,31,5863,2007-12-22,2008-01-05
809,7,31,7397,2008-01-04,2008-01-18
810,1,31,5564,2007-12-30,2008-01-13
810,6,31,7098,2008-01-01,2008-01-15
811,5,32,6799,2007-12-27,2008-01-10
811,10,32,8320,2008-01-03,2008-01-17
812,4,32,6500,2007-12-20,2008-01-03
812,9,32,8021,2008-01-01,2008-01-15
813,3,32,6201,2007-12-27,2008-01-10
813,8,32,7722,2007-12-28,2008-01-11
814,2,32,5902,2008-01-01,2008-01-15
814,7,32,7423,2007-12-22,2008-01-05
815,1,32,5603,2008-01-04,2008-01-18
815,6,32,7124,2007-12-30,2008-01-13
816,5,32,6825,2007-12-20,2008-01-03
816,10,32,8359,2007-12-20,2008-01-03
817,4,32,6526,2007-12-24,2008-01-07
817,9,32,8060,2007-12-29,2008-01-12
818,3,32,6227,2007-12-26,2008-01-09
818,8,32,7761,2007-12-20,2008-01-03
819,2,32,5928,2007-12-26,2008-01-09
819,7,32,7462,2007-12-25,2008-01-08
820,1,32,5629,2007-12-24,2008-01-07
820,6,32,7163,2007-12-28,2008-01-11
821,5,33,6864,2007-12-29,2008-01-12
821,10,33,8385,2007-12-22,2008-01-05
822,4,33,6565,2007-12-28,2008-01-11
822,9,33,8086,2007-12-26,2008-01-09
823,3,33,6266,2007-12-25,2008-01-08
823,8,33,7787,2007-12-28,2008-01-11
824,2,33,5967,2007-12-20,2008-01-03
824,7,33,7488,2007-12-28,2008-01-11
825,1,33,5668,2007-12-29,2008-01-12
825,6,33,7189,2007-12-26,2008-01-09
826,5,33,6890,2007-12-22,2008-01-05
826,10,33,8424,2007-12-24,2008-01-07
827,4,33,6591,2008-01-01,2008-01-15
827,9,33,8125,2007-12-23,2008-01-06
828,3,33,6292,2007-12-24,2008-01-07
828,8,33,7826,2007-12-20,2008-01-03
829,2,33,5993,2007-12-30,2008-01-13
829,7,33,7527,2007-12-31,2008-01-14
830,1,33,5694,2008-01-03,2008-01-17
830,6,33,7228,2007-12-24,2008-01-07
831,5,34,6929,2007-12-31,2008-01-14
831,10,34,8450,2007-12-26,2008-01-09
832,4,34,6630,2007-12-20,2008-01-03
832,9,34,8151,2007-12-20,2008-01-03
833,3,34,6331,2007-12-23,2008-01-06
833,8,34,7852,2007-12-28,2008-01-11
834,2,34,6032,2007-12-24,2008-01-07
834,7,34,7553,2008-01-03,2008-01-17
835,1,34,5733,2007-12-23,2008-01-06
835,6,34,7254,2007-12-22,2008-01-05
836,5,34,6955,2007-12-24,2008-01-07
836,10,34,8489,2007-12-28,2008-01-11
837,4,34,6656,2007-12-24,2008-01-07
837,9,34,8190,2008-01-02,2008-01-16
838,3,34,6357,2007-12-22,2008-01-05
838,8,34,7891,2007-12-20,2008-01-03
839,2,34,6058,2008-01-03,2008-01-17
839,7,34,7592,2007-12-21,2008-01-04
840,1,34,5759,2007-12-28,2008-01-11
840,6,34,7293,2007-12-20,2008-01-03
841,5,35,6994,2008-01-02,2008-01-16
841,10,35,8515,2007-12-30,2008-01-13
842,4,35,6695,2007-12-28,2008-01-11
842,9,35,8216,2007-12-30,2008-01-13
843,3,35,6396,2007-12-21,2008-01-04
843,8,35,7917,2007-12-28,2008-01-11
844,2,35,6097,2007-12-28,2008-01-11
844,7,35,7618,2007-12-24,2008-01-07
845,1,35,5798,2008-01-02,2008-01-16
845,6,35,7319,2008-01-03,2008-01-17
846,5,35,7020,2007-12-26,2008-01-09
846,10,35,8554,2008-01-01,2008-01-15
847,4,35,6721,2008-01-01,2008-01-15
847,9,35,8255,2007-12-27,2008-01-10
848,3,35,6422,2007-12-20,2008-01-03
848,8,35,7956,2007-12-20,2008-01-03
849,2,35,6123,2007-12-22,2008-01-05
849,7,35,7657,2007-12-27,2008-01-10
850,1,35,5824,2007-12-22,2008-01-05
850,6,35,7358,2008-01-01,2008-01-15
851,5,36,7059,2008-01-04,2008-01-18
851,10,36,8580,2008-01-03,2008-01-17
852,4,36,6760,2007-12-20,2008-01-03
852,9,36,8281,2007-12-24,2008-01-07
853,3,36,6461,2008-01-04,2008-01-18
853,8,36,7982,2007-12-28,2008-01-11
854,2,36,6162,2008-01-01,2008-01-15
854,7,36,7683,2007-12-30,2008-01-13
855,1,36,5863,2007-12-27,2008-01-10
855,6,36,7384,2007-12-30,2008-01-13
856,5,36,7085,2007-12-28,2008-01-11
856,10,36,8619,2007-12-20,2008-01-03
857,4,36,6786,2007-12-24,2008-01-07
857,9,36,8320,2007-12-21,2008-01-04
858,3,36,6487,2008-01-03,2008-01-17
858,8,36,8021,2007-12-20,2008-01-03
859,2,36,6188,2007-12-26,2008-01-09
859,7,36,7722,2008-01-02,2008-01-16
860,1,36,5889,2008-01-01,2008-01-15
860,6,36,7423,2007-12-28,2008-01-11
861,5,37,7124,2007-12-21,2008-01-04
861,10,37,8645,2007-12-22,2008-01-05
862,4,37,6825,2007-12-28,2008-01-11
862,9,37,8346,2008-01-03,2008-01-17
863,3,37,6526,2008-01-02,2008-01-16
863,8,37,8047,2007-12-28,2008-01-11
864,2,37,6227,2007-12-20,2008-01-03
864,7,37,7748,2007-12-20,2008-01-03
865,1,37,5928,2007-12-21,2008-01-04
865,6,37,7449,2007-12-26,2008-01-09
866,5,37,7150,2007-12-30,2008-01-13
866,10,37,8684,2007-12-24,2008-01-07
867,4,37,6851,2008-01-01,2008-01-15
867,9,37,8385,2007-12-31,2008-01-14
868,3,37,6552,2008-01-01,2008-01-15
868,8,37,8086,2007-12-20,2008-01-03
869,2,37,6253,2007-12-30,2008-01-13
869,7,37,7787,2007-12-23,2008-01-06
870,1,37,5954,2007-12-26,2008-01-09
870,6,37,7488,2007-12-24,2008-01-07
871,5,38,7189,2007-12-23,2008-01-06
871,10,38,8710,2007-12-26,2008-01-09
872,4,38,6890,2007-12-20,2008-01-03
872,9,38,8411,2007-12-28,2008-01-11
873,3,38,6591,2007-12-31,2008-01-14
873,8,38,8112,2007-12-28,2008-01-11
874,2,38,6292,2007-12-24,2008-01-07
874,7,38,7813,2007-12-26,2008-01-09
875,1,38,5993,2007-12-31,2008-01-14
875,6,38,7514,2007-12-22,2008-01-05
876,5,38,7215,2008-01-01,2008-01-15
876,10,38,8749,2007-12-28,2008-01-11
877,4,38,6916,2007-12-24,2008-01-07
877,9,38,8450,2007-12-25,2008-01-08
878,3,38,6617,2007-12-30,2008-01-13
878,8,38,8151,2007-12-20,2008-01-03
879,2,38,6318,2008-01-03,2008-01-17
879,7,38,7852,2007-12-29,2008-01-12
880,1,38,6019,2007-12-20,2008-01-03
880,6,38,7553,2007-12-20,2008-01-03
881,5,39,7254,2007-12-25,2008-01-08
881,10,39,8775,2007-12-30,2008-01-13
882,4,39,6955,2007-12-28,2008-01-11
882,9,39,8476,2007-12-22,2008-01-05
883,3,39,6656,2007-12-29,2008-01-12
883,8,39,8177,2007-12-28,2008-01-11
884,2,39,6357,2007-12-28,2008-01-11
884,7,39,7878,2008-01-01,2008-01-15
885,1,39,6058,2007-12-25,2008-01-08
885,6,39,7579,2008-01-03,2008-01-17
886,5,39,7280,2008-01-03,2008-01-17
886,10,39,8814,2008-01-01,2008-01-15
887,4,39,6981,2008-01-01,2008-01-15
887,9,39,8515,2008-01-04,2008-01-18
888,3,39,6682,2007-12-28,2008-01-11
888,8,39,8216,2007-12-20,2008-01-03
889,2,39,6383,2007-12-22,2008-01-05
889,7,39,7917,2008-01-04,2008-01-18
890,1,39,6084,2007-12-30,2008-01-13
890,6,39,7618,2008-01-01,2008-01-15
891,5,40,7319,2007-12-27,2008-01-10
891,10,40,8840,2008-01-03,2008-01-17
892,4,40,7020,2007-12-20,2008-01-03
892,9,40,8541,2008-01-01,2008-01-15
893,3,40,6721,2007-12-27,2008-01-10
893,8,40,8242,2007-12-28,2008-01-11
894,2,40,6422,2008-01-01,2008-01-15
894,7,40,7943,2007-12-22,2008-01-05
895,1,40,6123,2008-01-04,2008-01-18
895,6,40,7644,2007-12-30,2008-01-13
896,5,40,7345,2007-12-20,2008-01-03
896,10,40,8879,2007-12-20,2008-01-03
897,4,40,7046,2007-12-24,2008-01-07
897,9,40,8580,2007-12-29,2008-01-12
898,3,40,6747,2007-12-26,2008-01-09
898,8,40,8281,2007-12-20,2008-01-03
899,2,40,6448,2007-12-26,2008-01-09
899,7,40,7982,2007-12-25,2008-01-08
900,1,40,6149,2007-12-24,2008-01-07
900,6,40,7683,2007-12-28,2008-01-11
901,5,41,7384,2007-12-29,2008-01-12
901,10,41,8905,2007-12-22,2008-01-05
902,4,41,7085,2007-12-28,2008-01-11
902,9,41,8606,2007-12-26,2008-01-09
903,3,41,6786,2007-12-25,2008-01-08
903,8,41,8307,2007-12-28,2008-01-11
904,2,41,6487,2007-12-20,2008-01-03
904,7,41,8008,2007-12-28,2008-01-11
905,1,41,6188,2007-12-29,2008-01-12
905,6,41,7709,2007-12-26,2008-01-09
906,5,41,7410,2007-12-22,2008-01-05
906,10,41,8944,2007-12-24,2008-01-07
907,4,41,7111,2008-01-01,2008-01-15
907,9,41,8645,2007-12-23,2008-01-06
908,3,41,6812,2007-12-24,2008-01-07
908,8,41,8346,2007-12-20,2008-01-03
909,2,41,6513,2007-12-30,2008-01-13
909,7,41,8047,2007-12-31,2008-01-14
910,1,41,6214,2008-01-03,2008-01-17
910,6,41,7748,2007-12-24,2008-01-07
911,5,42,7449,2007-12-31,2008-01-14
911,10,42,8970,2007-12-26,2008-01-09
912,4,42,7150,2007-12-20,2008-01-03
912,9,42,8671,2007-12-20,2008-01-03
913,3,42,6851,2007-12-23,2008-01-06
913,8,42,8372,2007-12-28,2008-01-11
914,2,42,6552,2007-12-24,2008-01-07
914,7,42,8073,2008-01-03,2008-01-17
915,1,42,6253,2007-12-23,2008-01-06
915,6,42,7774,2007-12-22,2008-01-05
916,5,42,7475,2007-12-24,2008-01-07
916,10,42,9009,2007-12-28,2008-01-11
917,4,42,7176,2007-12-24,2008-01-07
917,9,42,8710,2008-01-02,2008-01-16
918,3,42,6877,2007-12-22,2008-01-05
918,8,42,8411,2007-12-20,2008-01-03
919,2,42,6578,2008-01-03,2008-01-17
919,7,42,8112,2007-12-21,2008-01-04
920,1,42,6279,2007-12-28,2008-01-11
920,6,42,7813,2007-12-20,2008-01-03
921,5,43,7514,2008-01-02,2008-01-16
921,10,43,9035,2007-12-30,2008-01-13
922,4,43,7215,2007-12-28,2008-01-11
922,9,43,8736,2007-12-30,2008-01-13
923,3,43,6916,2007-12-21,2008-01-04
923,8,43,8437,2007-12-28,2008-01-11
924,2,43,6617,2007-12-28,2008-01-11
924,7,43,8138,2007-12-24,2008-01-07
925,1,43,6318,2008-01-02,2008-01-16
925,6,43,7839,2008-01-03,2008-01-17
926,5,43,7540,2007-12-26,2008-01-09
926,10,43,9074,2008-01-01,2008-01-15
927,4,43,7241,2008-01-01,2008-01-15
927,9,43,8775,2007-12-27,2008-01-10
928,3,43,6942,2007-12-20,2008-01-03
928,8,43,8476,2007-12-20,2008-01-03
929,2,43,6643,2007-12-22,2008-01-05
929,7,43,8177,2007-12-27,2008-01-10
930,1,43,6344,2007-12-22,2008-01-05
930,6,43,7878,2008-01-01,2008-01-15
931,5,44,7579,2008-01-04,2008-01-18
931,10,44,9100,2008-01-03,2008-01-17
932,4,44,7280,2007-12-20,2008-01-03
932,9,44,8801,2007-12-24,2008-01-07
933,3,44,6981,2008-01-04,2008-01-18
933,8,44,8502,2007-12-28,2008-01-11
934,2,44,6682,2008-01-01,2008-01-15
934,7,44,8203,2007-12-30,2008-01-13
935,1,44,6383,2007-12-27,2008-01-10
935,6,44,7904,2007-12-30,2008-01-13
936,5,44,7605,2007-12-28,2008-01-11
936,10,44,9139,2007-12-20,2008-01-03
937,4,44,7306,2007-12-24,2008-01-07
937,9,44,8840,2007-12-21,2008-01-04
938,3,44,7007,2008-01-03,2008-01-17
938,8,44,8541,2007-12-20,2008-01-03
939,2,44,6708,2007-12-26,2008-01-09
939,7,44,8242,2008-01-02,2008-01-16
940,1,44,6409,2008-01-01,2008-01-15
940,6,44,7943,2007-12-28,2008-01-11
941,5,45,7644,2007-12-21,2008-01-04
941,10,45,9165,2007-12-22,2008-01-05
942,4,45,7345,2007-12-28,2008-01-11
942,9,45,8866,2008-01-03,2008-01-17
943,3,45,7046,2008-01-02,2008-01-16
943,8,45,8567,2007-12-28,2008-01-11
944,2,45,6747,2007-12-20,2008-01-03
944,7,45,8268,2007-12-20,2008-01-03
945,1,45,6448,2007-12-21,2008-01-04
945,6,45,7969,2007-12-26,2008-01-09
946,5,45,7670,2007-12-30,2008-01-13
946,10,45,9204,2007-12-24,2008-01-07
947,4,45,7371,2008-01-01,2008-01-15
947,9,45,8905,2007-12-31,2008-01-14
948,3,45,7072,2008-01-01,2008-01-15
948,8,45,8606,2007-12-20,2008-01-03
949,2,45,6773,2007-12-30,2008-01-13
949,7,45,8307,2007-12-23,2008-01-06
950,1,45,6474,2007-12-26,2008-01-09
950,6,45,8008,2007-12-24,2008-01-07
951,5,46,7709,2007-12-23,2008-01-06
951,10,46,9230,2007-12-26,2008-01-09
952,4,46,7410,2007-12-20,2008-01-03
952,9,46,8931,2007-12-28,2008-01-11
953,3,46,7111,2007-12-31,2008-01-14
953,8,46,8632,2007-12-28,2008-01-11
954,2,46,6812,2007-12-24,2008-01-07
954,7,46,8333,2007-12-26,2008-01-09
955,1,46,6513,2007-12-31,2008-01-14
955,6,46,8034,2007-12-22,2008-01-05
956,5,46,7735,2008-01-01,2008-01-15
956,10,46,9269,2007-12-28,2008-01-11
957,4,46,7436,2007-12-24,2008-01-07
957,9,46,8970,2007-12-25,2008-01-08
958,3,46,7137,2007-12-30,2008-01-13
958,8,46,8671,2007-12-20,2008-01-03
959,2,46,6838,2008-01-03,2008-01-17
959,7,46,8372,2007-12-29,2008-01-12
960,1,46,6539,2007-12-20,2008-01-03
960,6,46,8073,2007-12-20,2008-01-03
961,5,47,7774,2007-12-25,2008-01-08
961,10,47,9295,2007-12-30,2008-01-13
962,4,47,7475,2007-12-28,2008-01-11
962,9,47,8996,2007-12-22,2008-01-05
963,3,47,7176,2007-12-29,2008-01-12
963,8,47,8697,2007-12-28,2008-01-11
964,2,47,6877,2007-12-28,2008-01-11
964,7,47,8398,2008-01-01,2008-01-15
965,1,47,6578,2007-12-25,2008-01-08
965,6,47,8099,2008-01-03,2008-01-17
966,5,47,7800,2008-01-03,2008-01-17
966,10,47,9334,2008-01-01,2008-01-15
967,4,47,7501,2008-01-01,2008-01-15
967,9,47,9035,2008-01-04,2008-01-18
968,3,47,7202,2007-12-28,2008-01-11
968,8,47,8736,2007-12-20,2008-01-03
969,2,47,6903,2007-12-22,2008-01-05
969,7,47,8437,2008-01-04,2008-01-18
970,1,47,6604,2007-12-30,2008-01-13
970,6,47,8138,2008-01-01,2008-01-15
971,5,48,7839,2007-12-27,2008-01-10
971,10,48,9360,2008-01-03,2008-01-17
972,4,48,7540,2007-12-20,2008-01-03
972,9,48,9061,2008-01-01,2008-01-15
973,3,48,7241,2007-12-27,2008-01-10
973,8,48,8762,2007-12-28,2008-01-11
974,2,48,6942,2008-01-01,2008-01-15
974,7,48,8463,2007-12-22,2008-01-05
975,1,48,6643,2008-01-04,2008-01-18
975,6,48,8164,2007-12-30,2008-01-13
976,5,48,7865,2007-12-20,2008-01-03
976,10,48,9399,2007-12-20,2008-01-03
977,4,48,7566,2007-12-24,2008-01-07
977,9,48,9100,2007-12-29,2008-01-12
978,3,48,7267,2007-12-26,2008-01-09
978,8,48,8801,2007-12-20,2008-01-03
979,2,48,6968,2007-12-26,2008-01-09
979,7,48,8502,2007-12-25,2008-01-08
980,1,48,6669,2007-12-24,2008-01-07
980,6,48,8203,2007-12-28,2008-01-11
981,5,49,7904,2007-12-29,2008-01-12
981,10,49,9425,2007-12-22,2008-01-05
982,4,49,7605,2007-12-28,2008-01-11
982,9,49,9126,2007-12-26,2008-01-09
983,3,49,7306,2007-12-25,2008-01-08
983,8,49,8827,2007-12-28,2008-01-11
984,2,49,7007,2007-12-20,2008-01-03
984,7,49,8528,2007-12-28,2008-01-11
985,1,49,6708,2007-12-29,2008-01-12
985,6,49,8229,2007-12-26,2008-01-09
986,5,49,7930,2007-12-22,2008-01-05
986,10,49,9464,2007-12-24,2008-01-07
987,4,49,7631,2008-01-01,2008-01-15
987,9,49,9165,2007-12-23,2008-01-06
988,3,49,7332,2007-12-24,2008-01-07
988,8,49,8866,2007-12-20,2008-01-03
989,2,49,7033,2007-12-30,2008-01-13
989,7,49,8567,2007-12-31,2008-01-14
990,1,49,6734,2008-01-03,2008-01-17
990,6,49,8268,2007-12-24,2008-01-07
991,5,50,7969,2007-12-31,2008-01-14
991,10,50,9490,2007-12-26,2008-01-09
992,4,50,7670,2007-12-20,2008-01-03
992,9,50,9191,2007-12-20,2008-01-03
993,3,50,7371,2007-12-23,2008-01-06
993,8,50,8892,2007-12-28,2008-01-11
994,2,50,7072,2007-12-24,2008-01-07
994,7,50,8593,2008-01-03,2008-01-17
995,1,50,6773,2007-12-23,2008-01-06
995,6,50,8294,2007-12-22,2008-01-05
996,5,50,7995,2007-12-24,2008-01-07
996,10,50,9529,2007-12-28,2008-01-11
997,4,50,7696,2007-12-24,2008-01-07
997,9,50,9230,2008-01-02,2008-01-16
998,3,50,7397,2007-12-22,2008-01-05
998,8,50,8931,2007-12-20,2008-01-03
999,2,50,7098,2008-01-03,2008-01-17
999,7,50,8632,2007-12-21,2008-01-04
1000,1,50,6799,2007-12-28,2008-01-11
1000,6,50,8333,2007-12-20,2008-01-03
