1,1,2008-01-05
288,1,2008-01-05
575,1,2008-01-05
862,1,2008-01-05
246,18,2008-01-05
533,18,2008-01-05
820,18,2008-01-05
43,35,2008-01-05
330,35,2008-01-05
617,35,2008-01-05
904,35,2008-01-05
1,52,2008-01-05
288,52,2008-01-05
575,52,2008-01-05
862,52,2008-01-05
246,69,2008-01-05
533,69,2008-01-05
820,69,2008-01-05
43,86,2008-01-05
330,86,2008-01-05
617,86,2008-01-05
904,86,2008-01-05
1,103,2008-01-05
288,103,2008-01-05
575,103,2008-01-05
862,103,2008-01-05
246,120,2008-01-05
533,120,2008-01-05
820,120,2008-01-05
43,137,2008-01-05
330,137,2008-01-05
617,137,2008-01-05
904,137,2008-01-05
1,154,2008-01-05
288,154,2008-01-05
575,154,2008-01-05
862,154,2008-01-05
246,171,2008-01-05
533,171,2008-01-05
820,171,2008-01-05
43,188,2008-01-05
330,188,2008-01-05
617,188,2008-01-05
904,188,2008-01-05
1,205,2008-01-05
288,205,2008-01-05
575,205,2008-01-05
862,205,2008-01-05
246,222,2008-01-05
533,222,2008-01-05
820,222,2008-01-05
43,239,2008-01-05
330,239,2008-01-05
617,239,2008-01-05
904,239,2008-01-05
1,256,2008-01-05
288,256,2008-01-05
575,256,2008-01-05
862,256,2008-01-05
246,273,2008-01-05
533,273,2008-01-05
820,273,2008-01-05
43,290,2008-01-05
330,290,2008-01-05
617,290,2008-01-05
904,290,2008-01-05
1,307,2008-01-05
288,307,2008-01-05
575,307,2008-01-05
862,307,2008-01-05
246,324,2008-01-05
533,324,2008-01-05
820,324,2008-01-05
43,341,2008-01-05
330,341,2008-01-05
617,341,2008-01-05
904,341,2008-01-05
1,358,2008-01-05
288,358,2008-01-05
575,358,2008-01-05
862,358,2008-01-05
246,375,2008-01-05
533,375,2008-01-05
820,375,2008-01-05
43,392,2008-01-05
330,392,2008-01-05
617,392,2008-01-05
904,392,2008-01-05
1,409,2008-01-05
288,409,2008-01-05
575,409,2008-01-05
862,409,2008-01-05
246,426,2008-01-05
533,426,2008-01-05
820,426,2008-01-05
43,443,2008-01-05
330,443,2008-01-05
617,443,2008-01-05
904,443,2008-01-05
1,460,2008-01-05
288,460,2008-01-05
575,460,2008-01-05
862,460,2008-01-05
246,477,2008-01-05
533,477,2008-01-05
820,477,2008-01-05
43,494,2008-01-05
330,494,2008-01-05
617,494,2008-01-05
904,494,2008-01-05
1,511,2008-01-05
288,511,2008-01-05
575,511,2008-01-05
862,511,2008-01-05
246,528,2008-01-05
533,528,2008-01-05
820,528,2008-01-05
43,545,2008-01-05
330,545,2008-01-05
617,545,2008-01-05
904,545,2008-01-05
1,562,2008-01-05
288,562,2008-01-05
575,562,2008-01-05
862,562,2008-01-05
246,579,2008-01-05
533,579,2008-01-05
820,579,2008-01-05
43,596,2008-01-05
330,596,2008-01-05
617,596,2008-01-05
904,596,2008-01-05
1,613,2008-01-05
288,613,2008-01-05
575,613,2008-01-05
862,613,2008-01-05
246,630,2008-01-05
533,630,2008-01-05
820,630,2008-01-05
43,647,2008-01-05
330,647,2008-01-05
617,647,2008-01-05
904,647,2008-01-05
1,664,2008-01-05
288,664,2008-01-05
575,664,2008-01-05
862,664,2008-01-05
246,681,2008-01-05
533,681,2008-01-05
820,681,2008-01-05
43,698,2008-01-05
330,698,2008-01-05
617,698,2008-01-05
904,698,2008-01-05
1,715,2008-01-05
288,715,2008-01-05
575,715,2008-01-05
862,715,2008-01-05
246,732,2008-01-05
533,732,2008-01-05
820,732,2008-01-05
43,749,2008-01-05
330,749,2008-01-05
617,749,2008-01-05
904,749,2008-01-05
1,766,2008-01-05
288,766,2008-01-05
575,766,2008-01-05
862,766,2008-01-05
246,783,2008-01-05
533,783,2008-01-05
820,783,2008-01-05
43,800,2008-01-05
330,800,2008-01-05
617,800,2008-01-05
904,800,2008-01-05
1,817,2008-01-05
288,817,2008-01-05
575,817,2008-01-05
862,817,2008-01-05
246,834,2008-01-05
533,834,2008-01-05
820,834,2008-01-05
43,851,2008-01-05
330,851,2008-01-05
617,851,2008-01-05
904,851,2008-01-05
1,868,2008-01-05
288,868,2008-01-05
575,868,2008-01-05
862,868,2008-01-05
246,885,2008-01-05
533,885,2008-01-05
820,885,2008-01-05
43,902,2008-01-05
330,902,2008-01-05
617,902,2008-01-05
904,902,2008-01-05
1,919,2008-01-05
288,919,2008-01-05
575,919,2008-01-05
862,919,2008-01-05
246,936,2008-01-05
533,936,2008-01-05
820,936,2008-01-05
43,953,2008-01-05
330,953,2008-01-05
617,953,2008-01-05
904,953,2008-01-05
1,970,2008-01-05
288,970,2008-01-05
575,970,2008-01-05
862,970,2008-01-05
246,987,2008-01-05
533,987,2008-01-05
820,987,2008-01-05
43,1004,2008-01-05
330,1004,2008-01-05
617,1004,2008-01-05
904,1004,2008-01-05
1,1021,2008-01-05
288,1021,2008-01-05
575,1021,2008-01-05
862,1021,2008-01-05
246,1038,2008-01-05
533,1038,2008-01-05
820,1038,2008-01-05
43,1055,2008-01-05
330,1055,2008-01-05
617,1055,2008-01-05
904,1055,2008-01-05
1,1072,2008-01-05
288,1072,2008-01-05
575,1072,2008-01-05
862,1072,2008-01-05
246,1089,2008-01-05
533,1089,2008-01-05
820,1089,2008-01-05
43,1106,2008-01-05
330,1106,2008-01-05
617,1106,2008-01-05
904,1106,2008-01-05
1,1123,2008-01-05
288,1123,2008-01-05
575,1123,2008-01-05
862,1123,2008-01-05
246,1140,2008-01-05
533,1140,2008-01-05
820,1140,2008-01-05
43,1157,2008-01-05
330,1157,2008-01-05
617,1157,2008-01-05
904,1157,2008-01-05
1,1174,2008-01-05
288,1174,2008-01-05
575,1174,2008-01-05
862,1174,2008-01-05
246,1191,2008-01-05
533,1191,2008-01-05
820,1191,2008-01-05
43,1208,2008-01-05
330,1208,2008-01-05
617,1208,2008-01-05
904,1208,2008-01-05
1,1225,2008-01-05
288,1225,2008-01-05
575,1225,2008-01-05
862,1225,2008-01-05
246,1242,2008-01-05
533,1242,2008-01-05
820,1242,2008-01-05
43,1259,2008-01-05
330,1259,2008-01-05
617,1259,2008-01-05
904,1259,2008-01-05
1,1276,2008-01-05
288,1276,2008-01-05
575,1276,2008-01-05
862,1276,2008-01-05
246,1293,2008-01-05
533,1293,2008-01-05
820,1293,2008-01-05
43,1310,2008-01-05
330,1310,2008-01-05
617,1310,2008-01-05
904,1310,2008-01-05
1,1327,2008-01-05
288,1327,2008-01-05
575,1327,2008-01-05
862,1327,2008-01-05
246,1344,2008-01-05
533,1344,2008-01-05
820,1344,2008-01-05
43,1361,2008-01-05
330,1361,2008-01-05
617,1361,2008-01-05
904,1361,2008-01-05
1,1378,2008-01-05
288,1378,2008-01-05
575,1378,2008-01-05
862,1378,2008-01-05
246,1395,2008-01-05
533,1395,2008-01-05
820,1395,2008-01-05
43,1412,2008-01-05
330,1412,2008-01-05
617,1412,2008-01-05
904,1412,2008-01-05
1,1429,2008-01-05
288,1429,2008-01-05
575,1429,2008-01-05
862,1429,2008-01-05
246,1446,2008-01-05
533,1446,2008-01-05
820,1446,2008-01-05
43,1463,2008-01-05
330,1463,2008-01-05
617,1463,2008-01-05
904,1463,2008-01-05
1,1480,2008-01-05
288,1480,2008-01-05
575,1480,2008-01-05
862,1480,2008-01-05
246,1497,2008-01-05
533,1497,2008-01-05
820,1497,2008-01-05
43,1514,2008-01-05
330,1514,2008-01-05
617,1514,2008-01-05
904,1514,2008-01-05
1,1531,2008-01-05
288,1531,2008-01-05
575,1531,2008-01-05
862,1531,2008-01-05
246,1548,2008-01-05
533,1548,2008-01-05
820,1548,2008-01-05
43,1565,2008-01-05
330,1565,2008-01-05
617,1565,2008-01-05
904,1565,2008-01-05
1,1582,2008-01-05
288,1582,2008-01-05
575,1582,2008-01-05
862,1582,2008-01-05
246,1599,2008-01-05
533,1599,2008-01-05
820,1599,2008-01-05
43,1616,2008-01-05
330,1616,2008-01-05
617,1616,2008-01-05
904,1616,2008-01-05
1,1633,2008-01-05
288,1633,2008-01-05
575,1633,2008-01-05
862,1633,2008-01-05
246,1650,2008-01-05
533,1650,2008-01-05
820,1650,2008-01-05
43,1667,2008-01-05
330,1667,2008-01-05
617,1667,2008-01-05
904,1667,2008-01-05
1,1684,2008-01-05
288,1684,2008-01-05
575,1684,2008-01-05
862,1684,2008-01-05
246,1701,2008-01-05
533,1701,2008-01-05
820,1701,2008-01-05
43,1718,2008-01-05
330,1718,2008-01-05
617,1718,2008-01-05
904,1718,2008-01-05
1,1735,2008-01-05
288,1735,2008-01-05
575,1735,2008-01-05
862,1735,2008-01-05
246,1752,2008-01-05
533,1752,2008-01-05
820,1752,2008-01-05
43,1769,2008-01-05
330,1769,2008-01-05
617,1769,2008-01-05
904,1769,2008-01-05
1,1786,2008-01-05
288,1786,2008-01-05
575,1786,2008-01-05
862,1786,2008-01-05
246,1803,2008-01-05
533,1803,2008-01-05
820,1803,2008-01-05
43,1820,2008-01-05
330,1820,2008-01-05
617,1820,2008-01-05
904,1820,2008-01-05
1,1837,2008-01-05
288,1837,2008-01-05
575,1837,2008-01-05
862,1837,2008-01-05
246,1854,2008-01-05
533,1854,2008-01-05
820,1854,2008-01-05
43,1871,2008-01-05
330,1871,2008-01-05
617,1871,2008-01-05
904,1871,2008-01-05
1,1888,2008-01-05
288,1888,2008-01-05
575,1888,2008-01-05
862,1888,2008-01-05
246,1905,2008-01-05
533,1905,2008-01-05
820,1905,2008-01-05
43,1922,2008-01-05
330,1922,2008-01-05
617,1922,2008-01-05
904,1922,2008-01-05
1,1939,2008-01-05
288,1939,2008-01-05
575,1939,2008-01-05
862,1939,2008-01-05
246,1956,2008-01-05
533,1956,2008-01-05
820,1956,2008-01-05
43,1973,2008-01-05
330,1973,2008-01-05
617,1973,2008-01-05
904,1973,2008-01-05
1,1990,2008-01-05
288,1990,2008-01-05
575,1990,2008-01-05
862,1990,2008-01-05
246,2007,2008-01-05
533,2007,2008-01-05
820,2007,2008-01-05
43,2024,2008-01-05
330,2024,2008-01-05
617,2024,2008-01-05
904,2024,2008-01-05
1,2041,2008-01-05
288,2041,2008-01-05
575,2041,2008-01-05
862,2041,2008-01-05
246,2058,2008-01-05
533,2058,2008-01-05
820,2058,2008-01-05
43,2075,2008-01-05
330,2075,2008-01-05
617,2075,2008-01-05
904,2075,2008-01-05
1,2092,2008-01-05
288,2092,2008-01-05
575,2092,2008-01-05
862,2092,2008-01-05
246,2109,2008-01-05
533,2109,2008-01-05
820,2109,2008-01-05
43,2126,2008-01-05
330,2126,2008-01-05
617,2126,2008-01-05
904,2126,2008-01-05
1,2143,2008-01-05
288,2143,2008-01-05
575,2143,2008-01-05
862,2143,2008-01-05
246,2160,2008-01-05
533,2160,2008-01-05
820,2160,2008-01-05
43,2177,2008-01-05
330,2177,2008-01-05
617,2177,2008-01-05
904,2177,2008-01-05
1,2194,2008-01-05
288,2194,2008-01-05
575,2194,2008-01-05
862,2194,2008-01-05
246,2211,2008-01-05
533,2211,2008-01-05
820,2211,2008-01-05
43,2228,2008-01-05
330,2228,2008-01-05
617,2228,2008-01-05
904,2228,2008-01-05
1,2245,2008-01-05
288,2245,2008-01-05
575,2245,2008-01-05
862,2245,2008-01-05
246,2262,2008-01-05
533,2262,2008-01-05
820,2262,2008-01-05
43,2279,2008-01-05
330,2279,2008-01-05
617,2279,2008-01-05
904,2279,2008-01-05
1,2296,2008-01-05
288,2296,2008-01-05
575,2296,2008-01-05
862,2296,2008-01-05
246,2313,2008-01-05
533,2313,2008-01-05
820,2313,2008-01-05
43,2330,2008-01-05
330,2330,2008-01-05
617,2330,2008-01-05
904,2330,2008-01-05
1,2347,2008-01-05
288,2347,2008-01-05
575,2347,2008-01-05
862,2347,2008-01-05
246,2364,2008-01-05
533,2364,2008-01-05
820,2364,2008-01-05
43,2381,2008-01-05
330,2381,2008-01-05
617,2381,2008-01-05
904,2381,2008-01-05
1,2398,2008-01-05
288,2398,2008-01-05
575,2398,2008-01-05
862,2398,2008-01-05
246,2415,2008-01-05
533,2415,2008-01-05
820,2415,2008-01-05
43,2432,2008-01-05
330,2432,2008-01-05
617,2432,2008-01-05
904,2432,2008-01-05
1,2449,2008-01-05
288,2449,2008-01-05
575,2449,2008-01-05
862,2449,2008-01-05
246,2466,2008-01-05
533,2466,2008-01-05
820,2466,2008-01-05
43,2483,2008-01-05
330,2483,2008-01-05
617,2483,2008-01-05
904,2483,2008-01-05
1,2500,2008-01-05
288,2500,2008-01-05
575,2500,2008-01-05
862,2500,2008-01-05
246,2517,2008-01-05
533,2517,2008-01-05
820,2517,2008-01-05
43,2534,2008-01-05
330,2534,2008-01-05
617,2534,2008-01-05
904,2534,2008-01-05
1,2551,2008-01-05
288,2551,2008-01-05
575,2551,2008-01-05
862,2551,2008-01-05
246,2568,2008-01-05
533,2568,2008-01-05
820,2568,2008-01-05
43,2585,2008-01-05
330,2585,2008-01-05
617,2585,2008-01-05
904,2585,2008-01-05
1,2602,2008-01-05
288,2602,2008-01-05
575,2602,2008-01-05
862,2602,2008-01-05
246,2619,2008-01-05
533,2619,2008-01-05
820,2619,2008-01-05
43,2636,2008-01-05
330,2636,2008-01-05
617,2636,2008-01-05
904,2636,2008-01-05
1,2653,2008-01-05
288,2653,2008-01-05
575,2653,2008-01-05
862,2653,2008-01-05
246,2670,2008-01-05
533,2670,2008-01-05
820,2670,2008-01-05
43,2687,2008-01-05
330,2687,2008-01-05
617,2687,2008-01-05
904,2687,2008-01-05
1,2704,2008-01-05
288,2704,2008-01-05
575,2704,2008-01-05
862,2704,2008-01-05
246,2721,2008-01-05
533,2721,2008-01-05
820,2721,2008-01-05
43,2738,2008-01-05
330,2738,2008-01-05
617,2738,2008-01-05
904,2738,2008-01-05
1,2755,2008-01-05
288,2755,2008-01-05
575,2755,2008-01-05
862,2755,2008-01-05
246,2772,2008-01-05
533,2772,2008-01-05
820,2772,2008-01-05
43,2789,2008-01-05
330,2789,2008-01-05
617,2789,2008-01-05
904,2789,2008-01-05
1,2806,2008-01-05
288,2806,2008-01-05
575,2806,2008-01-05
862,2806,2008-01-05
246,2823,2008-01-05
533,2823,2008-01-05
820,2823,2008-01-05
43,2840,2008-01-05
330,2840,2008-01-05
617,2840,2008-01-05
904,2840,2008-01-05
1,2857,2008-01-05
288,2857,2008-01-05
575,2857,2008-01-05
862,2857,2008-01-05
246,2874,2008-01-05
533,2874,2008-01-05
820,2874,2008-01-05
43,2891,2008-01-05
330,2891,2008-01-05
617,2891,2008-01-05
904,2891,2008-01-05
1,2908,2008-01-05
288,2908,2008-01-05
575,2908,2008-01-05
862,2908,2008-01-05
246,2925,2008-01-05
533,2925,2008-01-05
820,2925,2008-01-05
43,2942,2008-01-05
330,2942,2008-01-05
617,2942,2008-01-05
904,2942,2008-01-05
1,2959,2008-01-05
288,2959,2008-01-05
575,2959,2008-01-05
862,2959,2008-01-05
246,2976,2008-01-05
533,2976,2008-01-05
820,2976,2008-01-05
43,2993,2008-01-05
330,2993,2008-01-05
617,2993,2008-01-05
904,2993,2008-01-05
1,3010,2008-01-05
288,3010,2008-01-05
575,3010,2008-01-05
862,3010,2008-01-05
246,3027,2008-01-05
533,3027,2008-01-05
820,3027,2008-01-05
43,3044,2008-01-05
330,3044,2008-01-05
617,3044,2008-01-05
904,3044,2008-01-05
1,3061,2008-01-05
288,3061,2008-01-05
575,3061,2008-01-05
862,3061,2008-01-05
246,3078,2008-01-05
533,3078,2008-01-05
820,3078,2008-01-05
43,3095,2008-01-05
330,3095,2008-01-05
617,3095,2008-01-05
904,3095,2008-01-05
1,3112,2008-01-05
288,3112,2008-01-05
575,3112,2008-01-05
862,3112,2008-01-05
246,3129,2008-01-05
533,3129,2008-01-05
820,3129,2008-01-05
43,3146,2008-01-05
330,3146,2008-01-05
617,3146,2008-01-05
904,3146,2008-01-05
1,3163,2008-01-05
288,3163,2008-01-05
575,3163,2008-01-05
862,3163,2008-01-05
246,3180,2008-01-05
533,3180,2008-01-05
820,3180,2008-01-05
43,3197,2008-01-05
330,3197,2008-01-05
617,3197,2008-01-05
904,3197,2008-01-05
1,3214,2008-01-05
288,3214,2008-01-05
575,3214,2008-01-05
862,3214,2008-01-05
246,3231,2008-01-05
533,3231,2008-01-05
820,3231,2008-01-05
43,3248,2008-01-05
330,3248,2008-01-05
617,3248,2008-01-05
904,3248,2008-01-05
1,3265,2008-01-05
288,3265,2008-01-05
575,3265,2008-01-05
862,3265,2008-01-05
246,3282,2008-01-05
533,3282,2008-01-05
820,3282,2008-01-05
43,3299,2008-01-05
330,3299,2008-01-05
617,3299,2008-01-05
904,3299,2008-01-05
1,3316,2008-01-05
288,3316,2008-01-05
575,3316,2008-01-05
862,3316,2008-01-05
246,3333,2008-01-05
533,3333,2008-01-05
820,3333,2008-01-05
43,3350,2008-01-05
330,3350,2008-01-05
617,3350,2008-01-05
904,3350,2008-01-05
1,3367,2008-01-05
288,3367,2008-01-05
575,3367,2008-01-05
862,3367,2008-01-05
246,3384,2008-01-05
533,3384,2008-01-05
820,3384,2008-01-05
43,3401,2008-01-05
330,3401,2008-01-05
617,3401,2008-01-05
904,3401,2008-01-05
1,3418,2008-01-05
288,3418,2008-01-05
575,3418,2008-01-05
862,3418,2008-01-05
246,3435,2008-01-05
533,3435,2008-01-05
820,3435,2008-01-05
43,3452,2008-01-05
330,3452,2008-01-05
617,3452,2008-01-05
904,3452,2008-01-05
1,3469,2008-01-05
288,3469,2008-01-05
575,3469,2008-01-05
862,3469,2008-01-05
246,3486,2008-01-05
533,3486,2008-01-05
820,3486,2008-01-05
43,3503,2008-01-05
330,3503,2008-01-05
617,3503,2008-01-05
904,3503,2008-01-05
1,3520,2008-01-05
288,3520,2008-01-05
575,3520,2008-01-05
862,3520,2008-01-05
246,3537,2008-01-05
533,3537,2008-01-05
820,3537,2008-01-05
43,3554,2008-01-05
330,3554,2008-01-05
617,3554,2008-01-05
904,3554,2008-01-05
1,3571,2008-01-05
288,3571,2008-01-05
575,3571,2008-01-05
862,3571,2008-01-05
246,3588,2008-01-05
533,3588,2008-01-05
820,3588,2008-01-05
43,3605,2008-01-05
330,3605,2008-01-05
617,3605,2008-01-05
904,3605,2008-01-05
1,3622,2008-01-05
288,3622,2008-01-05
575,3622,2008-01-05
862,3622,2008-01-05
246,3639,2008-01-05
533,3639,2008-01-05
820,3639,2008-01-05
43,3656,2008-01-05
330,3656,2008-01-05
617,3656,2008-01-05
904,3656,2008-01-05
1,3673,2008-01-05
288,3673,2008-01-05
575,3673,2008-01-05
862,3673,2008-01-05
246,3690,2008-01-05
533,3690,2008-01-05
820,3690,2008-01-05
43,3707,2008-01-05
330,3707,2008-01-05
617,3707,2008-01-05
904,3707,2008-01-05
1,3724,2008-01-05
288,3724,2008-01-05
575,3724,2008-01-05
862,3724,2008-01-05
246,3741,2008-01-05
533,3741,2008-01-05
820,3741,2008-01-05
43,3758,2008-01-05
330,3758,2008-01-05
617,3758,2008-01-05
904,3758,2008-01-05
1,3775,2008-01-05
288,3775,2008-01-05
575,3775,2008-01-05
862,3775,2008-01-05
246,3792,2008-01-05
533,3792,2008-01-05
820,3792,2008-01-05
43,3809,2008-01-05
330,3809,2008-01-05
617,3809,2008-01-05
904,3809,2008-01-05
1,3826,2008-01-05
288,3826,2008-01-05
575,3826,2008-01-05
862,3826,2008-01-05
246,3843,2008-01-05
533,3843,2008-01-05
820,3843,2008-01-05
43,3860,2008-01-05
330,3860,2008-01-05
617,3860,2008-01-05
904,3860,2008-01-05
1,3877,2008-01-05
288,3877,2008-01-05
575,3877,2008-01-05
862,3877,2008-01-05
246,3894,2008-01-05
533,3894,2008-01-05
820,3894,2008-01-05
43,3911,2008-01-05
330,3911,2008-01-05
617,3911,2008-01-05
904,3911,2008-01-05
1,3928,2008-01-05
288,3928,2008-01-05
575,3928,2008-01-05
862,3928,2008-01-05
246,3945,2008-01-05
533,3945,2008-01-05
820,3945,2008-01-05
43,3962,2008-01-05
330,3962,2008-01-05
617,3962,2008-01-05
904,3962,2008-01-05
1,3979,2008-01-05
288,3979,2008-01-05
575,3979,2008-01-05
862,3979,2008-01-05
246,3996,2008-01-05
533,3996,2008-01-05
820,3996,2008-01-05
43,4013,2008-01-05
330,4013,2008-01-05
617,4013,2008-01-05
904,4013,2008-01-05
1,4030,2008-01-05
288,4030,2008-01-05
575,4030,2008-01-05
862,4030,2008-01-05
246,4047,2008-01-05
533,4047,2008-01-05
820,4047,2008-01-05
43,4064,2008-01-05
330,4064,2008-01-05
617,4064,2008-01-05
904,4064,2008-01-05
1,4081,2008-01-05
288,4081,2008-01-05
575,4081,2008-01-05
862,4081,2008-01-05
246,4098,2008-01-05
533,4098,2008-01-05
820,4098,2008-01-05
43,4115,2008-01-05
330,4115,2008-01-05
617,4115,2008-01-05
904,4115,2008-01-05
1,4132,2008-01-05
288,4132,2008-01-05
575,4132,2008-01-05
862,4132,2008-01-05
246,4149,2008-01-05
533,4149,2008-01-05
820,4149,2008-01-05
43,4166,2008-01-05
330,4166,2008-01-05
617,4166,2008-01-05
904,4166,2008-01-05
1,4183,2008-01-05
288,4183,2008-01-05
575,4183,2008-01-05
862,4183,2008-01-05
246,4200,2008-01-05
533,4200,2008-01-05
820,4200,2008-01-05
43,4217,2008-01-05
330,4217,2008-01-05
617,4217,2008-01-05
904,4217,2008-01-05
1,4234,2008-01-05
288,4234,2008-01-05
575,4234,2008-01-05
862,4234,2008-01-05
246,4251,2008-01-05
533,4251,2008-01-05
820,4251,2008-01-05
43,4268,2008-01-05
330,4268,2008-01-05
617,4268,2008-01-05
904,4268,2008-01-05
1,4285,2008-01-05
288,4285,2008-01-05
575,4285,2008-01-05
862,4285,2008-01-05
246,4302,2008-01-05
533,4302,2008-01-05
820,4302,2008-01-05
43,4319,2008-01-05
330,4319,2008-01-05
617,4319,2008-01-05
904,4319,2008-01-05
1,4336,2008-01-05
288,4336,2008-01-05
575,4336,2008-01-05
862,4336,2008-01-05
246,4353,2008-01-05
533,4353,2008-01-05
820,4353,2008-01-05
43,4370,2008-01-05
330,4370,2008-01-05
617,4370,2008-01-05
904,4370,2008-01-05
1,4387,2008-01-05
288,4387,2008-01-05
575,4387,2008-01-05
862,4387,2008-01-05
246,4404,2008-01-05
533,4404,2008-01-05
820,4404,2008-01-05
43,4421,2008-01-05
330,4421,2008-01-05
617,4421,2008-01-05
904,4421,2008-01-05
1,4438,2008-01-05
288,4438,2008-01-05
575,4438,2008-01-05
862,4438,2008-01-05
246,4455,2008-01-05
533,4455,2008-01-05
820,4455,2008-01-05
43,4472,2008-01-05
330,4472,2008-01-05
617,4472,2008-01-05
904,4472,2008-01-05
1,4489,2008-01-05
288,4489,2008-01-05
575,4489,2008-01-05
862,4489,2008-01-05
246,4506,2008-01-05
533,4506,2008-01-05
820,4506,2008-01-05
43,4523,2008-01-05
330,4523,2008-01-05
617,4523,2008-01-05
904,4523,2008-01-05
1,4540,2008-01-05
288,4540,2008-01-05
575,4540,2008-01-05
862,4540,2008-01-05
246,4557,2008-01-05
533,4557,2008-01-05
820,4557,2008-01-05
43,4574,2008-01-05
330,4574,2008-01-05
617,4574,2008-01-05
904,4574,2008-01-05
1,4591,2008-01-05
288,4591,2008-01-05
575,4591,2008-01-05
862,4591,2008-01-05
246,4608,2008-01-05
533,4608,2008-01-05
820,4608,2008-01-05
43,4625,2008-01-05
330,4625,2008-01-05
617,4625,2008-01-05
904,4625,2008-01-05
1,4642,2008-01-05
288,4642,2008-01-05
575,4642,2008-01-05
862,4642,2008-01-05
246,4659,2008-01-05
533,4659,2008-01-05
820,4659,2008-01-05
43,4676,2008-01-05
330,4676,2008-01-05
617,4676,2008-01-05
904,4676,2008-01-05
1,4693,2008-01-05
288,4693,2008-01-05
575,4693,2008-01-05
862,4693,2008-01-05
246,4710,2008-01-05
533,4710,2008-01-05
820,4710,2008-01-05
43,4727,2008-01-05
330,4727,2008-01-05
617,4727,2008-01-05
904,4727,2008-01-05
1,4744,2008-01-05
288,4744,2008-01-05
575,4744,2008-01-05
862,4744,2008-01-05
246,4761,2008-01-05
533,4761,2008-01-05
820,4761,2008-01-05
43,4778,2008-01-05
330,4778,2008-01-05
617,4778,2008-01-05
904,4778,2008-01-05
1,4795,2008-01-05
288,4795,2008-01-05
575,4795,2008-01-05
862,4795,2008-01-05
246,4812,2008-01-05
533,4812,2008-01-05
820,4812,2008-01-05
43,4829,2008-01-05
330,4829,2008-01-05
617,4829,2008-01-05
904,4829,2008-01-05
1,4846,2008-01-05
288,4846,2008-01-05
575,4846,2008-01-05
862,4846,2008-01-05
246,4863,2008-01-05
533,4863,2008-01-05
820,4863,2008-01-05
43,4880,2008-01-05
330,4880,2008-01-05
617,4880,2008-01-05
904,4880,2008-01-05
1,4897,2008-01-05
288,4897,2008-01-05
575,4897,2008-01-05
862,4897,2008-01-05
246,4914,2008-01-05
533,4914,2008-01-05
820,4914,2008-01-05
43,4931,2008-01-05
330,4931,2008-01-05
617,4931,2008-01-05
904,4931,2008-01-05
1,4948,2008-01-05
288,4948,2008-01-05
575,4948,2008-01-05
862,4948,2008-01-05
246,4965,2008-01-05
533,4965,2008-01-05
820,4965,2008-01-05
43,4982,2008-01-05
330,4982,2008-01-05
617,4982,2008-01-05
904,4982,2008-01-05
1,4999,2008-01-05
288,4999,2008-01-05
575,4999,2008-01-05
862,4999,2008-01-05
246,5016,2008-01-05
533,5016,2008-01-05
820,5016,2008-01-05
43,5033,2008-01-05
330,5033,2008-01-05
617,5033,2008-01-05
904,5033,2008-01-05
1,5050,2008-01-05
288,5050,2008-01-05
575,5050,2008-01-05
862,5050,2008-01-05
246,5067,2008-01-05
533,5067,2008-01-05
820,5067,2008-01-05
43,5084,2008-01-05
330,5084,2008-01-05
617,5084,2008-01-05
904,5084,2008-01-05
1,5101,2008-01-05
288,5101,2008-01-05
575,5101,2008-01-05
862,5101,2008-01-05
246,5118,2008-01-05
533,5118,2008-01-05
820,5118,2008-01-05
43,5135,2008-01-05
330,5135,2008-01-05
617,5135,2008-01-05
904,5135,2008-01-05
1,5152,2008-01-05
288,5152,2008-01-05
575,5152,2008-01-05
862,5152,2008-01-05
246,5169,2008-01-05
533,5169,2008-01-05
820,5169,2008-01-05
43,5186,2008-01-05
330,5186,2008-01-05
617,5186,2008-01-05
904,5186,2008-01-05
1,5203,2008-01-05
288,5203,2008-01-05
575,5203,2008-01-05
862,5203,2008-01-05
246,5220,2008-01-05
533,5220,2008-01-05
820,5220,2008-01-05
43,5237,2008-01-05
330,5237,2008-01-05
617,5237,2008-01-05
904,5237,2008-01-05
1,5254,2008-01-05
288,5254,2008-01-05
575,5254,2008-01-05
862,5254,2008-01-05
246,5271,2008-01-05
533,5271,2008-01-05
820,5271,2008-01-05
43,5288,2008-01-05
330,5288,2008-01-05
617,5288,2008-01-05
904,5288,2008-01-05
1,5305,2008-01-05
288,5305,2008-01-05
575,5305,2008-01-05
862,5305,2008-01-05
246,5322,2008-01-05
533,5322,2008-01-05
820,5322,2008-01-05
43,5339,2008-01-05
330,5339,2008-01-05
617,5339,2008-01-05
904,5339,2008-01-05
1,5356,2008-01-05
288,5356,2008-01-05
575,5356,2008-01-05
862,5356,2008-01-05
246,5373,2008-01-05
533,5373,2008-01-05
820,5373,2008-01-05
43,5390,2008-01-05
330,5390,2008-01-05
617,5390,2008-01-05
904,5390,2008-01-05
1,5407,2008-01-05
288,5407,2008-01-05
575,5407,2008-01-05
862,5407,2008-01-05
246,5424,2008-01-05
533,5424,2008-01-05
820,5424,2008-01-05
43,5441,2008-01-05
330,5441,2008-01-05
617,5441,2008-01-05
904,5441,2008-01-05
1,5458,2008-01-05
288,5458,2008-01-05
575,5458,2008-01-05
862,5458,2008-01-05
246,5475,2008-01-05
533,5475,2008-01-05
820,5475,2008-01-05
43,5492,2008-01-05
330,5492,2008-01-05
617,5492,2008-01-05
904,5492,2008-01-05
1,5509,2008-01-05
288,5509,2008-01-05
575,5509,2008-01-05
862,5509,2008-01-05
246,5526,2008-01-05
533,5526,2008-01-05
820,5526,2008-01-05
43,5543,2008-01-05
330,5543,2008-01-05
617,5543,2008-01-05
904,5543,2008-01-05
1,5560,2008-01-05
288,5560,2008-01-05
575,5560,2008-01-05
862,5560,2008-01-05
246,5577,2008-01-05
533,5577,2008-01-05
820,5577,2008-01-05
43,5594,2008-01-05
330,5594,2008-01-05
617,5594,2008-01-05
904,5594,2008-01-05
1,5611,2008-01-05
288,5611,2008-01-05
575,5611,2008-01-05
862,5611,2008-01-05
246,5628,2008-01-05
533,5628,2008-01-05
820,5628,2008-01-05
43,5645,2008-01-05
330,5645,2008-01-05
617,5645,2008-01-05
904,5645,2008-01-05
1,5662,2008-01-05
288,5662,2008-01-05
575,5662,2008-01-05
862,5662,2008-01-05
246,5679,2008-01-05
533,5679,2008-01-05
820,5679,2008-01-05
43,5696,2008-01-05
330,5696,2008-01-05
617,5696,2008-01-05
904,5696,2008-01-05
1,5713,2008-01-05
288,5713,2008-01-05
575,5713,2008-01-05
862,5713,2008-01-05
246,5730,2008-01-05
533,5730,2008-01-05
820,5730,2008-01-05
43,5747,2008-01-05
330,5747,2008-01-05
617,5747,2008-01-05
904,5747,2008-01-05
1,5764,2008-01-05
288,5764,2008-01-05
575,5764,2008-01-05
862,5764,2008-01-05
246,5781,2008-01-05
533,5781,2008-01-05
820,5781,2008-01-05
43,5798,2008-01-05
330,5798,2008-01-05
617,5798,2008-01-05
904,5798,2008-01-05
1,5815,2008-01-05
288,5815,2008-01-05
575,5815,2008-01-05
862,5815,2008-01-05
246,5832,2008-01-05
533,5832,2008-01-05
820,5832,2008-01-05
43,5849,2008-01-05
330,5849,2008-01-05
617,5849,2008-01-05
904,5849,2008-01-05
1,5866,2008-01-05
288,5866,2008-01-05
575,5866,2008-01-05
862,5866,2008-01-05
246,5883,2008-01-05
533,5883,2008-01-05
820,5883,2008-01-05
43,5900,2008-01-05
330,5900,2008-01-05
617,5900,2008-01-05
904,5900,2008-01-05
1,5917,2008-01-05
288,5917,2008-01-05
575,5917,2008-01-05
862,5917,2008-01-05
246,5934,2008-01-05
533,5934,2008-01-05
820,5934,2008-01-05
43,5951,2008-01-05
330,5951,2008-01-05
617,5951,2008-01-05
904,5951,2008-01-05
1,5968,2008-01-05
288,5968,2008-01-05
575,5968,2008-01-05
862,5968,2008-01-05
246,5985,2008-01-05
533,5985,2008-01-05
820,5985,2008-01-05
43,6002,2008-01-05
330,6002,2008-01-05
617,6002,2008-01-05
904,6002,2008-01-05
1,6019,2008-01-05
288,6019,2008-01-05
575,6019,2008-01-05
862,6019,2008-01-05
246,6036,2008-01-05
533,6036,2008-01-05
820,6036,2008-01-05
43,6053,2008-01-05
330,6053,2008-01-05
617,6053,2008-01-05
904,6053,2008-01-05
1,6070,2008-01-05
288,6070,2008-01-05
575,6070,2008-01-05
862,6070,2008-01-05
246,6087,2008-01-05
533,6087,2008-01-05
820,6087,2008-01-05
43,6104,2008-01-05
330,6104,2008-01-05
617,6104,2008-01-05
904,6104,2008-01-05
1,6121,2008-01-05
288,6121,2008-01-05
575,6121,2008-01-05
862,6121,2008-01-05
246,6138,2008-01-05
533,6138,2008-01-05
820,6138,2008-01-05
43,6155,2008-01-05
330,6155,2008-01-05
617,6155,2008-01-05
904,6155,2008-01-05
1,6172,2008-01-05
288,6172,2008-01-05
575,6172,2008-01-05
862,6172,2008-01-05
246,6189,2008-01-05
533,6189,2008-01-05
820,6189,2008-01-05
43,6206,2008-01-05
330,6206,2008-01-05
617,6206,2008-01-05
904,6206,2008-01-05
1,6223,2008-01-05
288,6223,2008-01-05
575,6223,2008-01-05
862,6223,2008-01-05
246,6240,2008-01-05
533,6240,2008-01-05
820,6240,2008-01-05
43,6257,2008-01-05
330,6257,2008-01-05
617,6257,2008-01-05
904,6257,2008-01-05
1,6274,2008-01-05
288,6274,2008-01-05
575,6274,2008-01-05
862,6274,2008-01-05
246,6291,2008-01-05
533,6291,2008-01-05
820,6291,2008-01-05
43,6308,2008-01-05
330,6308,2008-01-05
617,6308,2008-01-05
904,6308,2008-01-05
1,6325,2008-01-05
288,6325,2008-01-05
575,6325,2008-01-05
862,6325,2008-01-05
246,6342,2008-01-05
533,6342,2008-01-05
820,6342,2008-01-05
43,6359,2008-01-05
330,6359,2008-01-05
617,6359,2008-01-05
904,6359,2008-01-05
1,6376,2008-01-05
288,6376,2008-01-05
575,6376,2008-01-05
862,6376,2008-01-05
246,6393,2008-01-05
533,6393,2008-01-05
820,6393,2008-01-05
43,6410,2008-01-05
330,6410,2008-01-05
617,6410,2008-01-05
904,6410,2008-01-05
1,6427,2008-01-05
288,6427,2008-01-05
575,6427,2008-01-05
862,6427,2008-01-05
246,6444,2008-01-05
533,6444,2008-01-05
820,6444,2008-01-05
43,6461,2008-01-05
330,6461,2008-01-05
617,6461,2008-01-05
904,6461,2008-01-05
1,6478,2008-01-05
288,6478,2008-01-05
575,6478,2008-01-05
862,6478,2008-01-05
246,6495,2008-01-05
533,6495,2008-01-05
820,6495,2008-01-05
43,6512,2008-01-05
330,6512,2008-01-05
617,6512,2008-01-05
904,6512,2008-01-05
1,6529,2008-01-05
288,6529,2008-01-05
575,6529,2008-01-05
862,6529,2008-01-05
246,6546,2008-01-05
533,6546,2008-01-05
820,6546,2008-01-05
43,6563,2008-01-05
330,6563,2008-01-05
617,6563,2008-01-05
904,6563,2008-01-05
1,6580,2008-01-05
288,6580,2008-01-05
575,6580,2008-01-05
862,6580,2008-01-05
246,6597,2008-01-05
533,6597,2008-01-05
820,6597,2008-01-05
43,6614,2008-01-05
330,6614,2008-01-05
617,6614,2008-01-05
904,6614,2008-01-05
1,6631,2008-01-05
288,6631,2008-01-05
575,6631,2008-01-05
862,6631,2008-01-05
246,6648,2008-01-05
533,6648,2008-01-05
820,6648,2008-01-05
43,6665,2008-01-05
330,6665,2008-01-05
617,6665,2008-01-05
904,6665,2008-01-05
1,6682,2008-01-05
288,6682,2008-01-05
575,6682,2008-01-05
862,6682,2008-01-05
246,6699,2008-01-05
533,6699,2008-01-05
820,6699,2008-01-05
43,6716,2008-01-05
330,6716,2008-01-05
617,6716,2008-01-05
904,6716,2008-01-05
1,6733,2008-01-05
288,6733,2008-01-05
575,6733,2008-01-05
862,6733,2008-01-05
246,6750,2008-01-05
533,6750,2008-01-05
820,6750,2008-01-05
43,6767,2008-01-05
330,6767,2008-01-05
617,6767,2008-01-05
904,6767,2008-01-05
1,6784,2008-01-05
288,6784,2008-01-05
575,6784,2008-01-05
862,6784,2008-01-05
246,6801,2008-01-05
533,6801,2008-01-05
820,6801,2008-01-05
43,6818,2008-01-05
330,6818,2008-01-05
617,6818,2008-01-05
904,6818,2008-01-05
1,6835,2008-01-05
288,6835,2008-01-05
575,6835,2008-01-05
862,6835,2008-01-05
246,6852,2008-01-05
533,6852,2008-01-05
820,6852,2008-01-05
43,6869,2008-01-05
330,6869,2008-01-05
617,6869,2008-01-05
904,6869,2008-01-05
1,6886,2008-01-05
288,6886,2008-01-05
575,6886,2008-01-05
862,6886,2008-01-05
246,6903,2008-01-05
533,6903,2008-01-05
820,6903,2008-01-05
43,6920,2008-01-05
330,6920,2008-01-05
617,6920,2008-01-05
904,6920,2008-01-05
1,6937,2008-01-05
288,6937,2008-01-05
575,6937,2008-01-05
862,6937,2008-01-05
246,6954,2008-01-05
533,6954,2008-01-05
820,6954,2008-01-05
43,6971,2008-01-05
330,6971,2008-01-05
617,6971,2008-01-05
904,6971,2008-01-05
1,6988,2008-01-05
288,6988,2008-01-05
575,6988,2008-01-05
862,6988,2008-01-05
246,7005,2008-01-05
533,7005,2008-01-05
820,7005,2008-01-05
43,7022,2008-01-05
330,7022,2008-01-05
617,7022,2008-01-05
904,7022,2008-01-05
1,7039,2008-01-05
288,7039,2008-01-05
575,7039,2008-01-05
862,7039,2008-01-05
246,7056,2008-01-05
533,7056,2008-01-05
820,7056,2008-01-05
43,7073,2008-01-05
330,7073,2008-01-05
617,7073,2008-01-05
904,7073,2008-01-05
1,7090,2008-01-05
288,7090,2008-01-05
575,7090,2008-01-05
862,7090,2008-01-05
246,7107,2008-01-05
533,7107,2008-01-05
820,7107,2008-01-05
43,7124,2008-01-05
330,7124,2008-01-05
617,7124,2008-01-05
904,7124,2008-01-05
1,7141,2008-01-05
288,7141,2008-01-05
575,7141,2008-01-05
862,7141,2008-01-05
246,7158,2008-01-05
533,7158,2008-01-05
820,7158,2008-01-05
43,7175,2008-01-05
330,7175,2008-01-05
617,7175,2008-01-05
904,7175,2008-01-05
1,7192,2008-01-05
288,7192,2008-01-05
575,7192,2008-01-05
862,7192,2008-01-05
246,7209,2008-01-05
533,7209,2008-01-05
820,7209,2008-01-05
43,7226,2008-01-05
330,7226,2008-01-05
617,7226,2008-01-05
904,7226,2008-01-05
1,7243,2008-01-05
288,7243,2008-01-05
575,7243,2008-01-05
862,7243,2008-01-05
246,7260,2008-01-05
533,7260,2008-01-05
820,7260,2008-01-05
43,7277,2008-01-05
330,7277,2008-01-05
617,7277,2008-01-05
904,7277,2008-01-05
1,7294,2008-01-05
288,7294,2008-01-05
575,7294,2008-01-05
862,7294,2008-01-05
246,7311,2008-01-05
533,7311,2008-01-05
820,7311,2008-01-05
43,7328,2008-01-05
330,7328,2008-01-05
617,7328,2008-01-05
904,7328,2008-01-05
1,7345,2008-01-05
288,7345,2008-01-05
575,7345,2008-01-05
862,7345,2008-01-05
246,7362,2008-01-05
533,7362,2008-01-05
820,7362,2008-01-05
43,7379,2008-01-05
330,7379,2008-01-05
617,7379,2008-01-05
904,7379,2008-01-05
1,7396,2008-01-05
288,7396,2008-01-05
575,7396,2008-01-05
862,7396,2008-01-05
246,7413,2008-01-05
533,7413,2008-01-05
820,7413,2008-01-05
43,7430,2008-01-05
330,7430,2008-01-05
617,7430,2008-01-05
904,7430,2008-01-05
1,7447,2008-01-05
288,7447,2008-01-05
575,7447,2008-01-05
862,7447,2008-01-05
246,7464,2008-01-05
533,7464,2008-01-05
820,7464,2008-01-05
43,7481,2008-01-05
330,7481,2008-01-05
617,7481,2008-01-05
904,7481,2008-01-05
1,7498,2008-01-05
288,7498,2008-01-05
575,7498,2008-01-05
862,7498,2008-01-05
246,7515,2008-01-05
533,7515,2008-01-05
820,7515,2008-01-05
43,7532,2008-01-05
330,7532,2008-01-05
617,7532,2008-01-05
904,7532,2008-01-05
1,7549,2008-01-05
288,7549,2008-01-05
575,7549,2008-01-05
862,7549,2008-01-05
246,7566,2008-01-05
533,7566,2008-01-05
820,7566,2008-01-05
43,7583,2008-01-05
330,7583,2008-01-05
617,7583,2008-01-05
904,7583,2008-01-05
1,7600,2008-01-05
288,7600,2008-01-05
575,7600,2008-01-05
862,7600,2008-01-05
246,7617,2008-01-05
533,7617,2008-01-05
820,7617,2008-01-05
43,7634,2008-01-05
330,7634,2008-01-05
617,7634,2008-01-05
904,7634,2008-01-05
1,7651,2008-01-05
288,7651,2008-01-05
575,7651,2008-01-05
862,7651,2008-01-05
246,7668,2008-01-05
533,7668,2008-01-05
820,7668,2008-01-05
43,7685,2008-01-05
330,7685,2008-01-05
617,7685,2008-01-05
904,7685,2008-01-05
1,7702,2008-01-05
288,7702,2008-01-05
575,7702,2008-01-05
862,7702,2008-01-05
246,7719,2008-01-05
533,7719,2008-01-05
820,7719,2008-01-05
43,7736,2008-01-05
330,7736,2008-01-05
617,7736,2008-01-05
904,7736,2008-01-05
1,7753,2008-01-05
288,7753,2008-01-05
575,7753,2008-01-05
862,7753,2008-01-05
246,7770,2008-01-05
533,7770,2008-01-05
820,7770,2008-01-05
43,7787,2008-01-05
330,7787,2008-01-05
617,7787,2008-01-05
904,7787,2008-01-05
1,7804,2008-01-05
288,7804,2008-01-05
575,7804,2008-01-05
862,7804,2008-01-05
246,7821,2008-01-05
533,7821,2008-01-05
820,7821,2008-01-05
43,7838,2008-01-05
330,7838,2008-01-05
617,7838,2008-01-05
904,7838,2008-01-05
1,7855,2008-01-05
288,7855,2008-01-05
575,7855,2008-01-05
862,7855,2008-01-05
246,7872,2008-01-05
533,7872,2008-01-05
820,7872,2008-01-05
43,7889,2008-01-05
330,7889,2008-01-05
617,7889,2008-01-05
904,7889,2008-01-05
1,7906,2008-01-05
288,7906,2008-01-05
575,7906,2008-01-05
862,7906,2008-01-05
246,7923,2008-01-05
533,7923,2008-01-05
820,7923,2008-01-05
43,7940,2008-01-05
330,7940,2008-01-05
617,7940,2008-01-05
904,7940,2008-01-05
1,7957,2008-01-05
288,7957,2008-01-05
575,7957,2008-01-05
862,7957,2008-01-05
246,7974,2008-01-05
533,7974,2008-01-05
820,7974,2008-01-05
43,7991,2008-01-05
330,7991,2008-01-05
617,7991,2008-01-05
904,7991,2008-01-05
1,8008,2008-01-05
288,8008,2008-01-05
575,8008,2008-01-05
862,8008,2008-01-05
246,8025,2008-01-05
533,8025,2008-01-05
820,8025,2008-01-05
43,8042,2008-01-05
330,8042,2008-01-05
617,8042,2008-01-05
904,8042,2008-01-05
1,8059,2008-01-05
288,8059,2008-01-05
575,8059,2008-01-05
862,8059,2008-01-05
246,8076,2008-01-05
533,8076,2008-01-05
820,8076,2008-01-05
43,8093,2008-01-05
330,8093,2008-01-05
617,8093,2008-01-05
904,8093,2008-01-05
1,8110,2008-01-05
288,8110,2008-01-05
575,8110,2008-01-05
862,8110,2008-01-05
246,8127,2008-01-05
533,8127,2008-01-05
820,8127,2008-01-05
43,8144,2008-01-05
330,8144,2008-01-05
617,8144,2008-01-05
904,8144,2008-01-05
1,8161,2008-01-05
288,8161,2008-01-05
575,8161,2008-01-05
862,8161,2008-01-05
246,8178,2008-01-05
533,8178,2008-01-05
820,8178,2008-01-05
43,8195,2008-01-05
330,8195,2008-01-05
617,8195,2008-01-05
904,8195,2008-01-05
1,8212,2008-01-05
288,8212,2008-01-05
575,8212,2008-01-05
862,8212,2008-01-05
246,8229,2008-01-05
533,8229,2008-01-05
820,8229,2008-01-05
43,8246,2008-01-05
330,8246,2008-01-05
617,8246,2008-01-05
904,8246,2008-01-05
1,8263,2008-01-05
288,8263,2008-01-05
575,8263,2008-01-05
862,8263,2008-01-05
246,8280,2008-01-05
533,8280,2008-01-05
820,8280,2008-01-05
43,8297,2008-01-05
330,8297,2008-01-05
617,8297,2008-01-05
904,8297,2008-01-05
1,8314,2008-01-05
288,8314,2008-01-05
575,8314,2008-01-05
862,8314,2008-01-05
246,8331,2008-01-05
533,8331,2008-01-05
820,8331,2008-01-05
43,8348,2008-01-05
330,8348,2008-01-05
617,8348,2008-01-05
904,8348,2008-01-05
1,8365,2008-01-05
288,8365,2008-01-05
575,8365,2008-01-05
862,8365,2008-01-05
246,8382,2008-01-05
533,8382,2008-01-05
820,8382,2008-01-05
43,8399,2008-01-05
330,8399,2008-01-05
617,8399,2008-01-05
904,8399,2008-01-05
1,8416,2008-01-05
288,8416,2008-01-05
575,8416,2008-01-05
862,8416,2008-01-05
246,8433,2008-01-05
533,8433,2008-01-05
820,8433,2008-01-05
43,8450,2008-01-05
330,8450,2008-01-05
617,8450,2008-01-05
904,8450,2008-01-05
1,8467,2008-01-05
288,8467,2008-01-05
575,8467,2008-01-05
862,8467,2008-01-05
246,8484,2008-01-05
533,8484,2008-01-05
820,8484,2008-01-05
43,8501,2008-01-05
330,8501,2008-01-05
617,8501,2008-01-05
904,8501,2008-01-05
1,8518,2008-01-05
288,8518,2008-01-05
575,8518,2008-01-05
862,8518,2008-01-05
246,8535,2008-01-05
533,8535,2008-01-05
820,8535,2008-01-05
43,8552,2008-01-05
330,8552,2008-01-05
617,8552,2008-01-05
904,8552,2008-01-05
1,8569,2008-01-05
288,8569,2008-01-05
575,8569,2008-01-05
862,8569,2008-01-05
246,8586,2008-01-05
533,8586,2008-01-05
820,8586,2008-01-05
43,8603,2008-01-05
330,8603,2008-01-05
617,8603,2008-01-05
904,8603,2008-01-05
1,8620,2008-01-05
288,8620,2008-01-05
575,8620,2008-01-05
862,8620,2008-01-05
246,8637,2008-01-05
533,8637,2008-01-05
820,8637,2008-01-05
43,8654,2008-01-05
330,8654,2008-01-05
617,8654,2008-01-05
904,8654,2008-01-05
1,8671,2008-01-05
288,8671,2008-01-05
575,8671,2008-01-05
862,8671,2008-01-05
246,8688,2008-01-05
533,8688,2008-01-05
820,8688,2008-01-05
43,8705,2008-01-05
330,8705,2008-01-05
617,8705,2008-01-05
904,8705,2008-01-05
1,8722,2008-01-05
288,8722,2008-01-05
575,8722,2008-01-05
862,8722,2008-01-05
246,8739,2008-01-05
533,8739,2008-01-05
820,8739,2008-01-05
43,8756,2008-01-05
330,8756,2008-01-05
617,8756,2008-01-05
904,8756,2008-01-05
1,8773,2008-01-05
288,8773,2008-01-05
575,8773,2008-01-05
862,8773,2008-01-05
246,8790,2008-01-05
533,8790,2008-01-05
820,8790,2008-01-05
43,8807,2008-01-05
330,8807,2008-01-05
617,8807,2008-01-05
904,8807,2008-01-05
1,8824,2008-01-05
288,8824,2008-01-05
575,8824,2008-01-05
862,8824,2008-01-05
246,8841,2008-01-05
533,8841,2008-01-05
820,8841,2008-01-05
43,8858,2008-01-05
330,8858,2008-01-05
617,8858,2008-01-05
904,8858,2008-01-05
1,8875,2008-01-05
288,8875,2008-01-05
575,8875,2008-01-05
862,8875,2008-01-05
246,8892,2008-01-05
533,8892,2008-01-05
820,8892,2008-01-05
43,8909,2008-01-05
330,8909,2008-01-05
617,8909,2008-01-05
904,8909,2008-01-05
1,8926,2008-01-05
288,8926,2008-01-05
575,8926,2008-01-05
862,8926,2008-01-05
246,8943,2008-01-05
533,8943,2008-01-05
820,8943,2008-01-05
43,8960,2008-01-05
330,8960,2008-01-05
617,8960,2008-01-05
904,8960,2008-01-05
1,8977,2008-01-05
288,8977,2008-01-05
575,8977,2008-01-05
862,8977,2008-01-05
246,8994,2008-01-05
533,8994,2008-01-05
820,8994,2008-01-05
43,9011,2008-01-05
330,9011,2008-01-05
617,9011,2008-01-05
904,9011,2008-01-05
1,9028,2008-01-05
288,9028,2008-01-05
575,9028,2008-01-05
862,9028,2008-01-05
246,9045,2008-01-05
533,9045,2008-01-05
820,9045,2008-01-05
43,9062,2008-01-05
330,9062,2008-01-05
617,9062,2008-01-05
904,9062,2008-01-05
1,9079,2008-01-05
288,9079,2008-01-05
575,9079,2008-01-05
862,9079,2008-01-05
246,9096,2008-01-05
533,9096,2008-01-05
820,9096,2008-01-05
43,9113,2008-01-05
330,9113,2008-01-05
617,9113,2008-01-05
904,9113,2008-01-05
1,9130,2008-01-05
288,9130,2008-01-05
575,9130,2008-01-05
862,9130,2008-01-05
246,9147,2008-01-05
533,9147,2008-01-05
820,9147,2008-01-05
43,9164,2008-01-05
330,9164,2008-01-05
617,9164,2008-01-05
904,9164,2008-01-05
1,9181,2008-01-05
288,9181,2008-01-05
575,9181,2008-01-05
862,9181,2008-01-05
246,9198,2008-01-05
533,9198,2008-01-05
820,9198,2008-01-05
43,9215,2008-01-05
330,9215,2008-01-05
617,9215,2008-01-05
904,9215,2008-01-05
1,9232,2008-01-05
288,9232,2008-01-05
575,9232,2008-01-05
862,9232,2008-01-05
246,9249,2008-01-05
533,9249,2008-01-05
820,9249,2008-01-05
43,9266,2008-01-05
330,9266,2008-01-05
617,9266,2008-01-05
904,9266,2008-01-05
1,9283,2008-01-05
288,9283,2008-01-05
575,9283,2008-01-05
862,9283,2008-01-05
246,9300,2008-01-05
533,9300,2008-01-05
820,9300,2008-01-05
43,9317,2008-01-05
330,9317,2008-01-05
617,9317,2008-01-05
904,9317,2008-01-05
1,9334,2008-01-05
288,9334,2008-01-05
575,9334,2008-01-05
862,9334,2008-01-05
246,9351,2008-01-05
533,9351,2008-01-05
820,9351,2008-01-05
43,9368,2008-01-05
330,9368,2008-01-05
617,9368,2008-01-05
904,9368,2008-01-05
1,9385,2008-01-05
288,9385,2008-01-05
575,9385,2008-01-05
862,9385,2008-01-05
246,9402,2008-01-05
533,9402,2008-01-05
820,9402,2008-01-05
43,9419,2008-01-05
330,9419,2008-01-05
617,9419,2008-01-05
904,9419,2008-01-05
1,9436,2008-01-05
288,9436,2008-01-05
575,9436,2008-01-05
862,9436,2008-01-05
246,9453,2008-01-05
533,9453,2008-01-05
820,9453,2008-01-05
43,9470,2008-01-05
330,9470,2008-01-05
617,9470,2008-01-05
904,9470,2008-01-05
1,9487,2008-01-05
288,9487,2008-01-05
575,9487,2008-01-05
862,9487,2008-01-05
246,9504,2008-01-05
533,9504,2008-01-05
820,9504,2008-01-05
43,9521,2008-01-05
330,9521,2008-01-05
617,9521,2008-01-05
904,9521,2008-01-05
1,9538,2008-01-05
288,9538,2008-01-05
575,9538,2008-01-05
862,9538,2008-01-05
246,9555,2008-01-05
533,9555,2008-01-05
820,9555,2008-01-05
43,9572,2008-01-05
330,9572,2008-01-05
617,9572,2008-01-05
904,9572,2008-01-05
1,9589,2008-01-05
288,9589,2008-01-05
575,9589,2008-01-05
862,9589,2008-01-05
246,9606,2008-01-05
533,9606,2008-01-05
820,9606,2008-01-05
43,9623,2008-01-05
330,9623,2008-01-05
617,9623,2008-01-05
904,9623,2008-01-05
1,9640,2008-01-05
288,9640,2008-01-05
575,9640,2008-01-05
862,9640,2008-01-05
246,9657,2008-01-05
533,9657,2008-01-05
820,9657,2008-01-05
43,9674,2008-01-05
330,9674,2008-01-05
617,9674,2008-01-05
904,9674,2008-01-05
1,9691,2008-01-05
288,9691,2008-01-05
575,9691,2008-01-05
862,9691,2008-01-05
246,9708,2008-01-05
533,9708,2008-01-05
820,9708,2008-01-05
43,9725,2008-01-05
330,9725,2008-01-05
617,9725,2008-01-05
904,9725,2008-01-05
1,9742,2008-01-05
288,9742,2008-01-05
575,9742,2008-01-05
862,9742,2008-01-05
246,9759,2008-01-05
533,9759,2008-01-05
820,9759,2008-01-05
43,9776,2008-01-05
330,9776,2008-01-05
617,9776,2008-01-05
904,9776,2008-01-05
1,9793,2008-01-05
288,9793,2008-01-05
575,9793,2008-01-05
862,9793,2008-01-05
246,9810,2008-01-05
533,9810,2008-01-05
820,9810,2008-01-05
43,9827,2008-01-05
330,9827,2008-01-05
617,9827,2008-01-05
904,9827,2008-01-05
1,9844,2008-01-05
288,9844,2008-01-05
575,9844,2008-01-05
862,9844,2008-01-05
246,9861,2008-01-05
533,9861,2008-01-05
820,9861,2008-01-05
43,9878,2008-01-05
330,9878,2008-01-05
617,9878,2008-01-05
904,9878,2008-01-05
1,9895,2008-01-05
288,9895,2008-01-05
575,9895,2008-01-05
862,9895,2008-01-05
246,9912,2008-01-05
533,9912,2008-01-05
820,9912,2008-01-05
43,9929,2008-01-05
330,9929,2008-01-05
617,9929,2008-01-05
904,9929,2008-01-05
1,9946,2008-01-05
288,9946,2008-01-05
575,9946,2008-01-05
862,9946,2008-01-05
246,9963,2008-01-05
533,9963,2008-01-05
820,9963,2008-01-05
43,9980,2008-01-05
330,9980,2008-01-05
617,9980,2008-01-05
904,9980,2008-01-05
1,9997,2008-01-05
288,9997,2008-01-05
575,9997,2008-01-05
862,9997,2008-01-05
